"","waveform","serial","offset","time.sec","voltage.mv","date.time"
"1",-2410,"RLA496845S",0.907,0.907,-1.96415,2020-01-14 19:05:00
"2",374,"RLA496845S",0.907,0.9148125,0.30481,2020-01-14 19:05:00
"3",550,"RLA496845S",0.907,0.922625,0.44825,2020-01-14 19:05:00
"4",-378,"RLA496845S",0.907,0.9304375,-0.30807,2020-01-14 19:05:00
"5",-563,"RLA496845S",0.907,0.93825,-0.458845,2020-01-14 19:05:00
"6",-444,"RLA496845S",0.907,0.9460625,-0.36186,2020-01-14 19:05:00
"7",-411,"RLA496845S",0.907,0.953875,-0.334965,2020-01-14 19:05:00
"8",-498,"RLA496845S",0.907,0.9616875,-0.40587,2020-01-14 19:05:00
"9",-468,"RLA496845S",0.907,0.9695,-0.38142,2020-01-14 19:05:00
"10",-534,"RLA496845S",0.907,0.9773125,-0.43521,2020-01-14 19:05:00
"11",-518,"RLA496845S",0.907,0.985125,-0.42217,2020-01-14 19:05:00
"12",-479,"RLA496845S",0.907,0.9929375,-0.390385,2020-01-14 19:05:00
"13",-593,"RLA496845S",0.907,1.00075,-0.483295,2020-01-14 19:05:00
"14",-652,"RLA496845S",0.907,1.0085625,-0.53138,2020-01-14 19:05:00
"15",-700,"RLA496845S",0.907,1.016375,-0.5705,2020-01-14 19:05:00
"16",-727,"RLA496845S",0.907,1.0241875,-0.592505,2020-01-14 19:05:00
"17",-779,"RLA496845S",0.907,1.032,-0.634885,2020-01-14 19:05:00
"18",-873,"RLA496845S",0.907,1.0398125,-0.711495,2020-01-14 19:05:00
"19",-908,"RLA496845S",0.907,1.047625,-0.74002,2020-01-14 19:05:00
"20",-1006,"RLA496845S",0.907,1.0554375,-0.81989,2020-01-14 19:05:00
"21",-1119,"RLA496845S",0.907,1.06325,-0.911985,2020-01-14 19:05:00
"22",-1205,"RLA496845S",0.907,1.0710625,-0.982075,2020-01-14 19:05:00
"23",-1339,"RLA496845S",0.907,1.078875,-1.091285,2020-01-14 19:05:00
"24",-1390,"RLA496845S",0.907,1.0866875,-1.13285,2020-01-14 19:05:00
"25",-1105,"RLA496845S",0.907,1.0945,-0.900575,2020-01-14 19:05:00
"26",-651,"RLA496845S",0.907,1.1023125,-0.530565,2020-01-14 19:05:00
"27",-350,"RLA496845S",0.907,1.110125,-0.28525,2020-01-14 19:05:00
"28",-269,"RLA496845S",0.907,1.1179375,-0.219235,2020-01-14 19:05:00
"29",-237,"RLA496845S",0.907,1.12575,-0.193155,2020-01-14 19:05:00
"30",-220,"RLA496845S",0.907,1.1335625,-0.1793,2020-01-14 19:05:00
"31",-220,"RLA496845S",0.907,1.141375,-0.1793,2020-01-14 19:05:00
"32",-215,"RLA496845S",0.907,1.1491875,-0.175225,2020-01-14 19:05:00
"33",-223,"RLA496845S",0.907,1.157,-0.181745,2020-01-14 19:05:00
"34",-226,"RLA496845S",0.907,1.1648125,-0.18419,2020-01-14 19:05:00
"35",-236,"RLA496845S",0.907,1.172625,-0.19234,2020-01-14 19:05:00
"36",-248,"RLA496845S",0.907,1.1804375,-0.20212,2020-01-14 19:05:00
"37",-252,"RLA496845S",0.907,1.18825,-0.20538,2020-01-14 19:05:00
"38",-264,"RLA496845S",0.907,1.1960625,-0.21516,2020-01-14 19:05:00
"39",-270,"RLA496845S",0.907,1.203875,-0.22005,2020-01-14 19:05:00
"40",-268,"RLA496845S",0.907,1.2116875,-0.21842,2020-01-14 19:05:00
"41",-280,"RLA496845S",0.907,1.2195,-0.2282,2020-01-14 19:05:00
"42",-284,"RLA496845S",0.907,1.2273125,-0.23146,2020-01-14 19:05:00
"43",-287,"RLA496845S",0.907,1.235125,-0.233905,2020-01-14 19:05:00
"44",-292,"RLA496845S",0.907,1.2429375,-0.23798,2020-01-14 19:05:00
"45",-293,"RLA496845S",0.907,1.25075,-0.238795,2020-01-14 19:05:00
"46",-291,"RLA496845S",0.907,1.2585625,-0.237165,2020-01-14 19:05:00
"47",-286,"RLA496845S",0.907,1.266375,-0.23309,2020-01-14 19:05:00
"48",-288,"RLA496845S",0.907,1.2741875,-0.23472,2020-01-14 19:05:00
"49",-290,"RLA496845S",0.907,1.282,-0.23635,2020-01-14 19:05:00
"50",-290,"RLA496845S",0.907,1.2898125,-0.23635,2020-01-14 19:05:00
"51",-294,"RLA496845S",0.907,1.297625,-0.23961,2020-01-14 19:05:00
"52",-295,"RLA496845S",0.907,1.3054375,-0.240425,2020-01-14 19:05:00
"53",-293,"RLA496845S",0.907,1.31325,-0.238795,2020-01-14 19:05:00
"54",-295,"RLA496845S",0.907,1.3210625,-0.240425,2020-01-14 19:05:00
"55",-300,"RLA496845S",0.907,1.328875,-0.2445,2020-01-14 19:05:00
"56",-306,"RLA496845S",0.907,1.3366875,-0.24939,2020-01-14 19:05:00
"57",-305,"RLA496845S",0.907,1.3445,-0.248575,2020-01-14 19:05:00
"58",-305,"RLA496845S",0.907,1.3523125,-0.248575,2020-01-14 19:05:00
"59",-308,"RLA496845S",0.907,1.360125,-0.25102,2020-01-14 19:05:00
"60",-313,"RLA496845S",0.907,1.3679375,-0.255095,2020-01-14 19:05:00
"61",-324,"RLA496845S",0.907,1.37575,-0.26406,2020-01-14 19:05:00
"62",-333,"RLA496845S",0.907,1.3835625,-0.271395,2020-01-14 19:05:00
"63",-334,"RLA496845S",0.907,1.391375,-0.27221,2020-01-14 19:05:00
"64",-332,"RLA496845S",0.907,1.3991875,-0.27058,2020-01-14 19:05:00
"65",-333,"RLA496845S",0.907,1.407,-0.271395,2020-01-14 19:05:00
"66",-350,"RLA496845S",0.907,1.4148125,-0.28525,2020-01-14 19:05:00
"67",-366,"RLA496845S",0.907,1.422625,-0.29829,2020-01-14 19:05:00
"68",-363,"RLA496845S",0.907,1.4304375,-0.295845,2020-01-14 19:05:00
"69",-347,"RLA496845S",0.907,1.43825,-0.282805,2020-01-14 19:05:00
"70",-334,"RLA496845S",0.907,1.4460625,-0.27221,2020-01-14 19:05:00
"71",-330,"RLA496845S",0.907,1.453875,-0.26895,2020-01-14 19:05:00
"72",-328,"RLA496845S",0.907,1.4616875,-0.26732,2020-01-14 19:05:00
"73",-325,"RLA496845S",0.907,1.4695,-0.264875,2020-01-14 19:05:00
"74",-321,"RLA496845S",0.907,1.4773125,-0.261615,2020-01-14 19:05:00
"75",-322,"RLA496845S",0.907,1.485125,-0.26243,2020-01-14 19:05:00
"76",-322,"RLA496845S",0.907,1.4929375,-0.26243,2020-01-14 19:05:00
"77",-322,"RLA496845S",0.907,1.50075,-0.26243,2020-01-14 19:05:00
"78",-325,"RLA496845S",0.907,1.5085625,-0.264875,2020-01-14 19:05:00
"79",-334,"RLA496845S",0.907,1.516375,-0.27221,2020-01-14 19:05:00
"80",-337,"RLA496845S",0.907,1.5241875,-0.274655,2020-01-14 19:05:00
"81",-310,"RLA496845S",0.907,1.532,-0.25265,2020-01-14 19:05:00
"82",-480,"RLA496845S",0.907,1.5398125,-0.3912,2020-01-14 19:05:00
"83",-1215,"RLA496845S",0.907,1.547625,-0.990225,2020-01-14 19:05:00
"84",-2252,"RLA496845S",0.907,1.5554375,-1.83538,2020-01-14 19:05:00
"85",-2166,"RLA496845S",0.907,1.56325,-1.76529,2020-01-14 19:05:00
"86",-419,"RLA496845S",0.907,1.5710625,-0.341485,2020-01-14 19:05:00
"87",485,"RLA496845S",0.907,1.578875,0.395275,2020-01-14 19:05:00
"88",-333,"RLA496845S",0.907,1.5866875,-0.271395,2020-01-14 19:05:00
"89",-399,"RLA496845S",0.907,1.5945,-0.325185,2020-01-14 19:05:00
"90",-267,"RLA496845S",0.907,1.6023125,-0.217605,2020-01-14 19:05:00
"91",-369,"RLA496845S",0.907,1.610125,-0.300735,2020-01-14 19:05:00
"92",-441,"RLA496845S",0.907,1.6179375,-0.359415,2020-01-14 19:05:00
"93",-436,"RLA496845S",0.907,1.62575,-0.35534,2020-01-14 19:05:00
"94",-484,"RLA496845S",0.907,1.6335625,-0.39446,2020-01-14 19:05:00
"95",-469,"RLA496845S",0.907,1.641375,-0.382235,2020-01-14 19:05:00
"96",-578,"RLA496845S",0.907,1.6491875,-0.47107,2020-01-14 19:05:00
"97",-651,"RLA496845S",0.907,1.657,-0.530565,2020-01-14 19:05:00
"98",-573,"RLA496845S",0.907,1.6648125,-0.466995,2020-01-14 19:05:00
"99",-611,"RLA496845S",0.907,1.672625,-0.497965,2020-01-14 19:05:00
"100",-690,"RLA496845S",0.907,1.6804375,-0.56235,2020-01-14 19:05:00
"101",-764,"RLA496845S",0.907,1.68825,-0.62266,2020-01-14 19:05:00
"102",-847,"RLA496845S",0.907,1.6960625,-0.690305,2020-01-14 19:05:00
"103",-914,"RLA496845S",0.907,1.703875,-0.74491,2020-01-14 19:05:00
"104",-1020,"RLA496845S",0.907,1.7116875,-0.8313,2020-01-14 19:05:00
"105",-1086,"RLA496845S",0.907,1.7195,-0.88509,2020-01-14 19:05:00
"106",-1195,"RLA496845S",0.907,1.7273125,-0.973925,2020-01-14 19:05:00
"107",-1270,"RLA496845S",0.907,1.735125,-1.03505,2020-01-14 19:05:00
"108",-1107,"RLA496845S",0.907,1.7429375,-0.902205,2020-01-14 19:05:00
"109",-735,"RLA496845S",0.907,1.75075,-0.599025,2020-01-14 19:05:00
"110",-389,"RLA496845S",0.907,1.7585625,-0.317035,2020-01-14 19:05:00
"111",-243,"RLA496845S",0.907,1.766375,-0.198045,2020-01-14 19:05:00
"112",-238,"RLA496845S",0.907,1.7741875,-0.19397,2020-01-14 19:05:00
"113",-206,"RLA496845S",0.907,1.782,-0.16789,2020-01-14 19:05:00
"114",-193,"RLA496845S",0.907,1.7898125,-0.157295,2020-01-14 19:05:00
"115",-195,"RLA496845S",0.907,1.797625,-0.158925,2020-01-14 19:05:00
"116",-197,"RLA496845S",0.907,1.8054375,-0.160555,2020-01-14 19:05:00
"117",-209,"RLA496845S",0.907,1.81325,-0.170335,2020-01-14 19:05:00
"118",-219,"RLA496845S",0.907,1.8210625,-0.178485,2020-01-14 19:05:00
"119",-231,"RLA496845S",0.907,1.828875,-0.188265,2020-01-14 19:05:00
"120",-241,"RLA496845S",0.907,1.8366875,-0.196415,2020-01-14 19:05:00
"121",-242,"RLA496845S",0.907,1.8445,-0.19723,2020-01-14 19:05:00
"122",-251,"RLA496845S",0.907,1.8523125,-0.204565,2020-01-14 19:05:00
"123",-258,"RLA496845S",0.907,1.860125,-0.21027,2020-01-14 19:05:00
"124",-267,"RLA496845S",0.907,1.8679375,-0.217605,2020-01-14 19:05:00
"125",-268,"RLA496845S",0.907,1.87575,-0.21842,2020-01-14 19:05:00
"126",-263,"RLA496845S",0.907,1.8835625,-0.214345,2020-01-14 19:05:00
"127",-272,"RLA496845S",0.907,1.891375,-0.22168,2020-01-14 19:05:00
"128",-275,"RLA496845S",0.907,1.8991875,-0.224125,2020-01-14 19:05:00
"129",-271,"RLA496845S",0.907,1.907,-0.220865,2020-01-14 19:05:00
"130",-271,"RLA496845S",0.907,1.9148125,-0.220865,2020-01-14 19:05:00
"131",-270,"RLA496845S",0.907,1.922625,-0.22005,2020-01-14 19:05:00
"132",-269,"RLA496845S",0.907,1.9304375,-0.219235,2020-01-14 19:05:00
"133",-272,"RLA496845S",0.907,1.93825,-0.22168,2020-01-14 19:05:00
"134",-278,"RLA496845S",0.907,1.9460625,-0.22657,2020-01-14 19:05:00
"135",-280,"RLA496845S",0.907,1.953875,-0.2282,2020-01-14 19:05:00
"136",-278,"RLA496845S",0.907,1.9616875,-0.22657,2020-01-14 19:05:00
"137",-279,"RLA496845S",0.907,1.9695,-0.227385,2020-01-14 19:05:00
"138",-283,"RLA496845S",0.907,1.9773125,-0.230645,2020-01-14 19:05:00
"139",-288,"RLA496845S",0.907,1.985125,-0.23472,2020-01-14 19:05:00
"140",-290,"RLA496845S",0.907,1.9929375,-0.23635,2020-01-14 19:05:00
"141",-291,"RLA496845S",0.907,2.00075,-0.237165,2020-01-14 19:05:00
"142",-294,"RLA496845S",0.907,2.0085625,-0.23961,2020-01-14 19:05:00
"143",-295,"RLA496845S",0.907,2.016375,-0.240425,2020-01-14 19:05:00
"144",-299,"RLA496845S",0.907,2.0241875,-0.243685,2020-01-14 19:05:00
"145",-304,"RLA496845S",0.907,2.032,-0.24776,2020-01-14 19:05:00
"146",-307,"RLA496845S",0.907,2.0398125,-0.250205,2020-01-14 19:05:00
"147",-310,"RLA496845S",0.907,2.047625,-0.25265,2020-01-14 19:05:00
"148",-312,"RLA496845S",0.907,2.0554375,-0.25428,2020-01-14 19:05:00
"149",-313,"RLA496845S",0.907,2.06325,-0.255095,2020-01-14 19:05:00
"150",-317,"RLA496845S",0.907,2.0710625,-0.258355,2020-01-14 19:05:00
"151",-320,"RLA496845S",0.907,2.078875,-0.2608,2020-01-14 19:05:00
"152",-322,"RLA496845S",0.907,2.0866875,-0.26243,2020-01-14 19:05:00
"153",-323,"RLA496845S",0.907,2.0945,-0.263245,2020-01-14 19:05:00
"154",-325,"RLA496845S",0.907,2.1023125,-0.264875,2020-01-14 19:05:00
"155",-328,"RLA496845S",0.907,2.110125,-0.26732,2020-01-14 19:05:00
"156",-329,"RLA496845S",0.907,2.1179375,-0.268135,2020-01-14 19:05:00
"157",-333,"RLA496845S",0.907,2.12575,-0.271395,2020-01-14 19:05:00
"158",-335,"RLA496845S",0.907,2.1335625,-0.273025,2020-01-14 19:05:00
"159",-335,"RLA496845S",0.907,2.141375,-0.273025,2020-01-14 19:05:00
"160",-338,"RLA496845S",0.907,2.1491875,-0.27547,2020-01-14 19:05:00
"161",-341,"RLA496845S",0.907,2.157,-0.277915,2020-01-14 19:05:00
"162",-342,"RLA496845S",0.907,2.1648125,-0.27873,2020-01-14 19:05:00
"163",-343,"RLA496845S",0.907,2.172625,-0.279545,2020-01-14 19:05:00
"164",-347,"RLA496845S",0.907,2.1804375,-0.282805,2020-01-14 19:05:00
"165",-350,"RLA496845S",0.907,2.18825,-0.28525,2020-01-14 19:05:00
"166",-349,"RLA496845S",0.907,2.1960625,-0.284435,2020-01-14 19:05:00
"167",-351,"RLA496845S",0.907,2.203875,-0.286065,2020-01-14 19:05:00
"168",-358,"RLA496845S",0.907,2.2116875,-0.29177,2020-01-14 19:05:00
"169",-357,"RLA496845S",0.907,2.2195,-0.290955,2020-01-14 19:05:00
"170",-357,"RLA496845S",0.907,2.2273125,-0.290955,2020-01-14 19:05:00
"171",-362,"RLA496845S",0.907,2.235125,-0.29503,2020-01-14 19:05:00
"172",-365,"RLA496845S",0.907,2.2429375,-0.297475,2020-01-14 19:05:00
"173",-365,"RLA496845S",0.907,2.25075,-0.297475,2020-01-14 19:05:00
"174",-365,"RLA496845S",0.907,2.2585625,-0.297475,2020-01-14 19:05:00
"175",-365,"RLA496845S",0.907,2.266375,-0.297475,2020-01-14 19:05:00
"176",-366,"RLA496845S",0.907,2.2741875,-0.29829,2020-01-14 19:05:00
"177",-370,"RLA496845S",0.907,2.282,-0.30155,2020-01-14 19:05:00
"178",-370,"RLA496845S",0.907,2.2898125,-0.30155,2020-01-14 19:05:00
"179",-369,"RLA496845S",0.907,2.297625,-0.300735,2020-01-14 19:05:00
"180",-375,"RLA496845S",0.907,2.3054375,-0.305625,2020-01-14 19:05:00
"181",-377,"RLA496845S",0.907,2.31325,-0.307255,2020-01-14 19:05:00
"182",-372,"RLA496845S",0.907,2.3210625,-0.30318,2020-01-14 19:05:00
"183",-373,"RLA496845S",0.907,2.328875,-0.303995,2020-01-14 19:05:00
"184",-380,"RLA496845S",0.907,2.3366875,-0.3097,2020-01-14 19:05:00
"185",-379,"RLA496845S",0.907,2.3445,-0.308885,2020-01-14 19:05:00
"186",-380,"RLA496845S",0.907,2.3523125,-0.3097,2020-01-14 19:05:00
"187",-384,"RLA496845S",0.907,2.360125,-0.31296,2020-01-14 19:05:00
"188",-383,"RLA496845S",0.907,2.3679375,-0.312145,2020-01-14 19:05:00
"189",-382,"RLA496845S",0.907,2.37575,-0.31133,2020-01-14 19:05:00
"190",-384,"RLA496845S",0.907,2.3835625,-0.31296,2020-01-14 19:05:00
"191",-384,"RLA496845S",0.907,2.391375,-0.31296,2020-01-14 19:05:00
"192",-385,"RLA496845S",0.907,2.3991875,-0.313775,2020-01-14 19:05:00
"193",-387,"RLA496845S",0.907,2.407,-0.315405,2020-01-14 19:05:00
"194",-389,"RLA496845S",0.907,2.4148125,-0.317035,2020-01-14 19:05:00
"195",-390,"RLA496845S",0.907,2.422625,-0.31785,2020-01-14 19:05:00
"196",-389,"RLA496845S",0.907,2.4304375,-0.317035,2020-01-14 19:05:00
"197",-387,"RLA496845S",0.907,2.43825,-0.315405,2020-01-14 19:05:00
"198",-389,"RLA496845S",0.907,2.4460625,-0.317035,2020-01-14 19:05:00
"199",-393,"RLA496845S",0.907,2.453875,-0.320295,2020-01-14 19:05:00
"200",-398,"RLA496845S",0.907,2.4616875,-0.32437,2020-01-14 19:05:00
"201",-397,"RLA496845S",0.907,2.4695,-0.323555,2020-01-14 19:05:00
"202",-394,"RLA496845S",0.907,2.4773125,-0.32111,2020-01-14 19:05:00
"203",-396,"RLA496845S",0.907,2.485125,-0.32274,2020-01-14 19:05:00
"204",-398,"RLA496845S",0.907,2.4929375,-0.32437,2020-01-14 19:05:00
"205",-399,"RLA496845S",0.907,2.50075,-0.325185,2020-01-14 19:05:00
"206",-400,"RLA496845S",0.907,2.5085625,-0.326,2020-01-14 19:05:00
"207",-402,"RLA496845S",0.907,2.516375,-0.32763,2020-01-14 19:05:00
"208",-402,"RLA496845S",0.907,2.5241875,-0.32763,2020-01-14 19:05:00
"209",-401,"RLA496845S",0.907,2.532,-0.326815,2020-01-14 19:05:00
"210",-402,"RLA496845S",0.907,2.5398125,-0.32763,2020-01-14 19:05:00
"211",-405,"RLA496845S",0.907,2.547625,-0.330075,2020-01-14 19:05:00
"212",-404,"RLA496845S",0.907,2.5554375,-0.32926,2020-01-14 19:05:00
"213",-402,"RLA496845S",0.907,2.56325,-0.32763,2020-01-14 19:05:00
"214",-404,"RLA496845S",0.907,2.5710625,-0.32926,2020-01-14 19:05:00
"215",-405,"RLA496845S",0.907,2.578875,-0.330075,2020-01-14 19:05:00
"216",-404,"RLA496845S",0.907,2.5866875,-0.32926,2020-01-14 19:05:00
"217",-405,"RLA496845S",0.907,2.5945,-0.330075,2020-01-14 19:05:00
"218",-407,"RLA496845S",0.907,2.6023125,-0.331705,2020-01-14 19:05:00
"219",-409,"RLA496845S",0.907,2.610125,-0.333335,2020-01-14 19:05:00
"220",-411,"RLA496845S",0.907,2.6179375,-0.334965,2020-01-14 19:05:00
"221",-411,"RLA496845S",0.907,2.62575,-0.334965,2020-01-14 19:05:00
"222",-410,"RLA496845S",0.907,2.6335625,-0.33415,2020-01-14 19:05:00
"223",-410,"RLA496845S",0.907,2.641375,-0.33415,2020-01-14 19:05:00
"224",-411,"RLA496845S",0.907,2.6491875,-0.334965,2020-01-14 19:05:00
"225",-413,"RLA496845S",0.907,2.657,-0.336595,2020-01-14 19:05:00
"226",-410,"RLA496845S",0.907,2.6648125,-0.33415,2020-01-14 19:05:00
"227",-410,"RLA496845S",0.907,2.672625,-0.33415,2020-01-14 19:05:00
"228",-414,"RLA496845S",0.907,2.6804375,-0.33741,2020-01-14 19:05:00
"229",-413,"RLA496845S",0.907,2.68825,-0.336595,2020-01-14 19:05:00
"230",-411,"RLA496845S",0.907,2.6960625,-0.334965,2020-01-14 19:05:00
"231",-413,"RLA496845S",0.907,2.703875,-0.336595,2020-01-14 19:05:00
"232",-413,"RLA496845S",0.907,2.7116875,-0.336595,2020-01-14 19:05:00
"233",-412,"RLA496845S",0.907,2.7195,-0.33578,2020-01-14 19:05:00
"234",-412,"RLA496845S",0.907,2.7273125,-0.33578,2020-01-14 19:05:00
"235",-412,"RLA496845S",0.907,2.735125,-0.33578,2020-01-14 19:05:00
"236",-413,"RLA496845S",0.907,2.7429375,-0.336595,2020-01-14 19:05:00
"237",-414,"RLA496845S",0.907,2.75075,-0.33741,2020-01-14 19:05:00
"238",-415,"RLA496845S",0.907,2.7585625,-0.338225,2020-01-14 19:05:00
"239",-413,"RLA496845S",0.907,2.766375,-0.336595,2020-01-14 19:05:00
"240",-416,"RLA496845S",0.907,2.7741875,-0.33904,2020-01-14 19:05:00
"241",-425,"RLA496845S",0.907,2.782,-0.346375,2020-01-14 19:05:00
"242",-429,"RLA496845S",0.907,2.7898125,-0.349635,2020-01-14 19:05:00
"243",-425,"RLA496845S",0.907,2.797625,-0.346375,2020-01-14 19:05:00
"244",-424,"RLA496845S",0.907,2.8054375,-0.34556,2020-01-14 19:05:00
"245",-432,"RLA496845S",0.907,2.81325,-0.35208,2020-01-14 19:05:00
"246",-440,"RLA496845S",0.907,2.8210625,-0.3586,2020-01-14 19:05:00
"247",-448,"RLA496845S",0.907,2.828875,-0.36512,2020-01-14 19:05:00
"248",-436,"RLA496845S",0.907,2.8366875,-0.35534,2020-01-14 19:05:00
"249",-414,"RLA496845S",0.907,2.8445,-0.33741,2020-01-14 19:05:00
"250",-405,"RLA496845S",0.907,2.8523125,-0.330075,2020-01-14 19:05:00
"251",-405,"RLA496845S",0.907,2.860125,-0.330075,2020-01-14 19:05:00
"252",-402,"RLA496845S",0.907,2.8679375,-0.32763,2020-01-14 19:05:00
"253",-398,"RLA496845S",0.907,2.87575,-0.32437,2020-01-14 19:05:00
"254",-395,"RLA496845S",0.907,2.8835625,-0.321925,2020-01-14 19:05:00
"255",-392,"RLA496845S",0.907,2.891375,-0.31948,2020-01-14 19:05:00
"256",-390,"RLA496845S",0.907,2.8991875,-0.31785,2020-01-14 19:05:00
"257",-391,"RLA496845S",0.907,2.907,-0.318665,2020-01-14 19:05:00
"258",-393,"RLA496845S",0.907,2.9148125,-0.320295,2020-01-14 19:05:00
"259",-395,"RLA496845S",0.907,2.922625,-0.321925,2020-01-14 19:05:00
"260",-364,"RLA496845S",0.907,2.9304375,-0.29666,2020-01-14 19:05:00
"261",-454,"RLA496845S",0.907,2.93825,-0.37001,2020-01-14 19:05:00
"262",-1008,"RLA496845S",0.907,2.9460625,-0.82152,2020-01-14 19:05:00
"263",-1882,"RLA496845S",0.907,2.953875,-1.53383,2020-01-14 19:05:00
"264",-1950,"RLA496845S",0.907,2.9616875,-1.58925,2020-01-14 19:05:00
"265",-350,"RLA496845S",0.907,2.9695,-0.28525,2020-01-14 19:05:00
"266",459,"RLA496845S",0.907,2.9773125,0.374085,2020-01-14 19:05:00
"267",-205,"RLA496845S",0.907,2.985125,-0.167075,2020-01-14 19:05:00
"268",-576,"RLA496845S",0.907,2.9929375,-0.46944,2020-01-14 19:05:00
"269",-422,"RLA496845S",0.907,3.00075,-0.34393,2020-01-14 19:05:00
"270",-416,"RLA496845S",0.907,3.0085625,-0.33904,2020-01-14 19:05:00
"271",-500,"RLA496845S",0.907,3.016375,-0.4075,2020-01-14 19:05:00
"272",-475,"RLA496845S",0.907,3.0241875,-0.387125,2020-01-14 19:05:00
"273",-540,"RLA496845S",0.907,3.032,-0.4401,2020-01-14 19:05:00
"274",-511,"RLA496845S",0.907,3.0398125,-0.416465,2020-01-14 19:05:00
"275",-486,"RLA496845S",0.907,3.047625,-0.39609,2020-01-14 19:05:00
"276",-600,"RLA496845S",0.907,3.0554375,-0.489,2020-01-14 19:05:00
"277",-629,"RLA496845S",0.907,3.06325,-0.512635,2020-01-14 19:05:00
"278",-656,"RLA496845S",0.907,3.0710625,-0.53464,2020-01-14 19:05:00
"279",-700,"RLA496845S",0.907,3.078875,-0.5705,2020-01-14 19:05:00
"280",-780,"RLA496845S",0.907,3.0866875,-0.6357,2020-01-14 19:05:00
"281",-868,"RLA496845S",0.907,3.0945,-0.70742,2020-01-14 19:05:00
"282",-922,"RLA496845S",0.907,3.1023125,-0.75143,2020-01-14 19:05:00
"283",-1004,"RLA496845S",0.907,3.110125,-0.81826,2020-01-14 19:05:00
"284",-1079,"RLA496845S",0.907,3.1179375,-0.879385,2020-01-14 19:05:00
"285",-1165,"RLA496845S",0.907,3.12575,-0.949475,2020-01-14 19:05:00
"286",-1295,"RLA496845S",0.907,3.1335625,-1.055425,2020-01-14 19:05:00
"287",-1341,"RLA496845S",0.907,3.141375,-1.092915,2020-01-14 19:05:00
"288",-1042,"RLA496845S",0.907,3.1491875,-0.84923,2020-01-14 19:05:00
"289",-638,"RLA496845S",0.907,3.157,-0.51997,2020-01-14 19:05:00
"290",-354,"RLA496845S",0.907,3.1648125,-0.28851,2020-01-14 19:05:00
"291",-263,"RLA496845S",0.907,3.172625,-0.214345,2020-01-14 19:05:00
"292",-240,"RLA496845S",0.907,3.1804375,-0.1956,2020-01-14 19:05:00
"293",-236,"RLA496845S",0.907,3.18825,-0.19234,2020-01-14 19:05:00
"294",-231,"RLA496845S",0.907,3.1960625,-0.188265,2020-01-14 19:05:00
"295",-228,"RLA496845S",0.907,3.203875,-0.18582,2020-01-14 19:05:00
"296",-240,"RLA496845S",0.907,3.2116875,-0.1956,2020-01-14 19:05:00
"297",-242,"RLA496845S",0.907,3.2195,-0.19723,2020-01-14 19:05:00
"298",-244,"RLA496845S",0.907,3.2273125,-0.19886,2020-01-14 19:05:00
"299",-255,"RLA496845S",0.907,3.235125,-0.207825,2020-01-14 19:05:00
"300",-264,"RLA496845S",0.907,3.2429375,-0.21516,2020-01-14 19:05:00
"301",-271,"RLA496845S",0.907,3.25075,-0.220865,2020-01-14 19:05:00
"302",-276,"RLA496845S",0.907,3.2585625,-0.22494,2020-01-14 19:05:00
"303",-285,"RLA496845S",0.907,3.266375,-0.232275,2020-01-14 19:05:00
"304",-294,"RLA496845S",0.907,3.2741875,-0.23961,2020-01-14 19:05:00
"305",-290,"RLA496845S",0.907,3.282,-0.23635,2020-01-14 19:05:00
"306",-291,"RLA496845S",0.907,3.2898125,-0.237165,2020-01-14 19:05:00
"307",-292,"RLA496845S",0.907,3.297625,-0.23798,2020-01-14 19:05:00
"308",-292,"RLA496845S",0.907,3.3054375,-0.23798,2020-01-14 19:05:00
"309",-294,"RLA496845S",0.907,3.31325,-0.23961,2020-01-14 19:05:00
"310",-294,"RLA496845S",0.907,3.3210625,-0.23961,2020-01-14 19:05:00
"311",-292,"RLA496845S",0.907,3.328875,-0.23798,2020-01-14 19:05:00
"312",-291,"RLA496845S",0.907,3.3366875,-0.237165,2020-01-14 19:05:00
"313",-290,"RLA496845S",0.907,3.3445,-0.23635,2020-01-14 19:05:00
"314",-292,"RLA496845S",0.907,3.3523125,-0.23798,2020-01-14 19:05:00
"315",-294,"RLA496845S",0.907,3.360125,-0.23961,2020-01-14 19:05:00
"316",-295,"RLA496845S",0.907,3.3679375,-0.240425,2020-01-14 19:05:00
"317",-297,"RLA496845S",0.907,3.37575,-0.242055,2020-01-14 19:05:00
"318",-300,"RLA496845S",0.907,3.3835625,-0.2445,2020-01-14 19:05:00
"319",-302,"RLA496845S",0.907,3.391375,-0.24613,2020-01-14 19:05:00
"320",-304,"RLA496845S",0.907,3.3991875,-0.24776,2020-01-14 19:05:00
"321",-304,"RLA496845S",0.907,3.407,-0.24776,2020-01-14 19:05:00
"322",-306,"RLA496845S",0.907,3.4148125,-0.24939,2020-01-14 19:05:00
"323",-311,"RLA496845S",0.907,3.422625,-0.253465,2020-01-14 19:05:00
"324",-316,"RLA496845S",0.907,3.4304375,-0.25754,2020-01-14 19:05:00
"325",-320,"RLA496845S",0.907,3.43825,-0.2608,2020-01-14 19:05:00
"326",-321,"RLA496845S",0.907,3.4460625,-0.261615,2020-01-14 19:05:00
"327",-324,"RLA496845S",0.907,3.453875,-0.26406,2020-01-14 19:05:00
"328",-325,"RLA496845S",0.907,3.4616875,-0.264875,2020-01-14 19:05:00
"329",-325,"RLA496845S",0.907,3.4695,-0.264875,2020-01-14 19:05:00
"330",-329,"RLA496845S",0.907,3.4773125,-0.268135,2020-01-14 19:05:00
"331",-329,"RLA496845S",0.907,3.485125,-0.268135,2020-01-14 19:05:00
"332",-330,"RLA496845S",0.907,3.4929375,-0.26895,2020-01-14 19:05:00
"333",-333,"RLA496845S",0.907,3.50075,-0.271395,2020-01-14 19:05:00
"334",-333,"RLA496845S",0.907,3.5085625,-0.271395,2020-01-14 19:05:00
"335",-332,"RLA496845S",0.907,3.516375,-0.27058,2020-01-14 19:05:00
"336",-337,"RLA496845S",0.907,3.5241875,-0.274655,2020-01-14 19:05:00
"337",-342,"RLA496845S",0.907,3.532,-0.27873,2020-01-14 19:05:00
"338",-343,"RLA496845S",0.907,3.5398125,-0.279545,2020-01-14 19:05:00
"339",-343,"RLA496845S",0.907,3.547625,-0.279545,2020-01-14 19:05:00
"340",-345,"RLA496845S",0.907,3.5554375,-0.281175,2020-01-14 19:05:00
"341",-348,"RLA496845S",0.907,3.56325,-0.28362,2020-01-14 19:05:00
"342",-350,"RLA496845S",0.907,3.5710625,-0.28525,2020-01-14 19:05:00
"343",-350,"RLA496845S",0.907,3.578875,-0.28525,2020-01-14 19:05:00
"344",-352,"RLA496845S",0.907,3.5866875,-0.28688,2020-01-14 19:05:00
"345",-356,"RLA496845S",0.907,3.5945,-0.29014,2020-01-14 19:05:00
"346",-357,"RLA496845S",0.907,3.6023125,-0.290955,2020-01-14 19:05:00
"347",-359,"RLA496845S",0.907,3.610125,-0.292585,2020-01-14 19:05:00
"348",-361,"RLA496845S",0.907,3.6179375,-0.294215,2020-01-14 19:05:00
"349",-361,"RLA496845S",0.907,3.62575,-0.294215,2020-01-14 19:05:00
"350",-362,"RLA496845S",0.907,3.6335625,-0.29503,2020-01-14 19:05:00
"351",-363,"RLA496845S",0.907,3.641375,-0.295845,2020-01-14 19:05:00
"352",-365,"RLA496845S",0.907,3.6491875,-0.297475,2020-01-14 19:05:00
"353",-367,"RLA496845S",0.907,3.657,-0.299105,2020-01-14 19:05:00
"354",-369,"RLA496845S",0.907,3.6648125,-0.300735,2020-01-14 19:05:00
"355",-368,"RLA496845S",0.907,3.672625,-0.29992,2020-01-14 19:05:00
"356",-371,"RLA496845S",0.907,3.6804375,-0.302365,2020-01-14 19:05:00
"357",-375,"RLA496845S",0.907,3.68825,-0.305625,2020-01-14 19:05:00
"358",-375,"RLA496845S",0.907,3.6960625,-0.305625,2020-01-14 19:05:00
"359",-374,"RLA496845S",0.907,3.703875,-0.30481,2020-01-14 19:05:00
"360",-378,"RLA496845S",0.907,3.7116875,-0.30807,2020-01-14 19:05:00
"361",-380,"RLA496845S",0.907,3.7195,-0.3097,2020-01-14 19:05:00
"362",-380,"RLA496845S",0.907,3.7273125,-0.3097,2020-01-14 19:05:00
"363",-381,"RLA496845S",0.907,3.735125,-0.310515,2020-01-14 19:05:00
"364",-383,"RLA496845S",0.907,3.7429375,-0.312145,2020-01-14 19:05:00
"365",-383,"RLA496845S",0.907,3.75075,-0.312145,2020-01-14 19:05:00
"366",-382,"RLA496845S",0.907,3.7585625,-0.31133,2020-01-14 19:05:00
"367",-384,"RLA496845S",0.907,3.766375,-0.31296,2020-01-14 19:05:00
"368",-387,"RLA496845S",0.907,3.7741875,-0.315405,2020-01-14 19:05:00
"369",-388,"RLA496845S",0.907,3.782,-0.31622,2020-01-14 19:05:00
"370",-387,"RLA496845S",0.907,3.7898125,-0.315405,2020-01-14 19:05:00
"371",-386,"RLA496845S",0.907,3.797625,-0.31459,2020-01-14 19:05:00
"372",-389,"RLA496845S",0.907,3.8054375,-0.317035,2020-01-14 19:05:00
"373",-394,"RLA496845S",0.907,3.81325,-0.32111,2020-01-14 19:05:00
"374",-395,"RLA496845S",0.907,3.8210625,-0.321925,2020-01-14 19:05:00
"375",-393,"RLA496845S",0.907,3.828875,-0.320295,2020-01-14 19:05:00
"376",-397,"RLA496845S",0.907,3.8366875,-0.323555,2020-01-14 19:05:00
"377",-397,"RLA496845S",0.907,3.8445,-0.323555,2020-01-14 19:05:00
"378",-396,"RLA496845S",0.907,3.8523125,-0.32274,2020-01-14 19:05:00
"379",-397,"RLA496845S",0.907,3.860125,-0.323555,2020-01-14 19:05:00
"380",-396,"RLA496845S",0.907,3.8679375,-0.32274,2020-01-14 19:05:00
"381",-395,"RLA496845S",0.907,3.87575,-0.321925,2020-01-14 19:05:00
"382",-398,"RLA496845S",0.907,3.8835625,-0.32437,2020-01-14 19:05:00
"383",-402,"RLA496845S",0.907,3.891375,-0.32763,2020-01-14 19:05:00
"384",-402,"RLA496845S",0.907,3.8991875,-0.32763,2020-01-14 19:05:00
"385",-400,"RLA496845S",0.907,3.907,-0.326,2020-01-14 19:05:00
"386",-402,"RLA496845S",0.907,3.9148125,-0.32763,2020-01-14 19:05:00
"387",-406,"RLA496845S",0.907,3.922625,-0.33089,2020-01-14 19:05:00
"388",-407,"RLA496845S",0.907,3.9304375,-0.331705,2020-01-14 19:05:00
"389",-405,"RLA496845S",0.907,3.93825,-0.330075,2020-01-14 19:05:00
"390",-404,"RLA496845S",0.907,3.9460625,-0.32926,2020-01-14 19:05:00
"391",-405,"RLA496845S",0.907,3.953875,-0.330075,2020-01-14 19:05:00
"392",-406,"RLA496845S",0.907,3.9616875,-0.33089,2020-01-14 19:05:00
"393",-406,"RLA496845S",0.907,3.9695,-0.33089,2020-01-14 19:05:00
"394",-406,"RLA496845S",0.907,3.9773125,-0.33089,2020-01-14 19:05:00
"395",-406,"RLA496845S",0.907,3.985125,-0.33089,2020-01-14 19:05:00
"396",-407,"RLA496845S",0.907,3.9929375,-0.331705,2020-01-14 19:05:00
"397",-408,"RLA496845S",0.907,4.00075,-0.33252,2020-01-14 19:05:00
"398",-409,"RLA496845S",0.907,4.0085625,-0.333335,2020-01-14 19:05:00
"399",-410,"RLA496845S",0.907,4.016375,-0.33415,2020-01-14 19:05:00
"400",-411,"RLA496845S",0.907,4.0241875,-0.334965,2020-01-14 19:05:00
"401",-411,"RLA496845S",0.907,4.032,-0.334965,2020-01-14 19:05:00
"402",-412,"RLA496845S",0.907,4.0398125,-0.33578,2020-01-14 19:05:00
"403",-413,"RLA496845S",0.907,4.047625,-0.336595,2020-01-14 19:05:00
"404",-411,"RLA496845S",0.907,4.0554375,-0.334965,2020-01-14 19:05:00
"405",-409,"RLA496845S",0.907,4.06325,-0.333335,2020-01-14 19:05:00
"406",-412,"RLA496845S",0.907,4.0710625,-0.33578,2020-01-14 19:05:00
"407",-414,"RLA496845S",0.907,4.078875,-0.33741,2020-01-14 19:05:00
"408",-417,"RLA496845S",0.907,4.0866875,-0.339855,2020-01-14 19:05:00
"409",-418,"RLA496845S",0.907,4.0945,-0.34067,2020-01-14 19:05:00
"410",-414,"RLA496845S",0.907,4.1023125,-0.33741,2020-01-14 19:05:00
"411",-413,"RLA496845S",0.907,4.110125,-0.336595,2020-01-14 19:05:00
"412",-415,"RLA496845S",0.907,4.1179375,-0.338225,2020-01-14 19:05:00
"413",-417,"RLA496845S",0.907,4.12575,-0.339855,2020-01-14 19:05:00
"414",-418,"RLA496845S",0.907,4.1335625,-0.34067,2020-01-14 19:05:00
"415",-417,"RLA496845S",0.907,4.141375,-0.339855,2020-01-14 19:05:00
"416",-418,"RLA496845S",0.907,4.1491875,-0.34067,2020-01-14 19:05:00
"417",-419,"RLA496845S",0.907,4.157,-0.341485,2020-01-14 19:05:00
"418",-418,"RLA496845S",0.907,4.1648125,-0.34067,2020-01-14 19:05:00
"419",-416,"RLA496845S",0.907,4.172625,-0.33904,2020-01-14 19:05:00
"420",-418,"RLA496845S",0.907,4.1804375,-0.34067,2020-01-14 19:05:00
"421",-419,"RLA496845S",0.907,4.18825,-0.341485,2020-01-14 19:05:00
"422",-420,"RLA496845S",0.907,4.1960625,-0.3423,2020-01-14 19:05:00
"423",-422,"RLA496845S",0.907,4.203875,-0.34393,2020-01-14 19:05:00
"424",-420,"RLA496845S",0.907,4.2116875,-0.3423,2020-01-14 19:05:00
"425",-421,"RLA496845S",0.907,4.2195,-0.343115,2020-01-14 19:05:00
"426",-422,"RLA496845S",0.907,4.2273125,-0.34393,2020-01-14 19:05:00
"427",-421,"RLA496845S",0.907,4.235125,-0.343115,2020-01-14 19:05:00
"428",-422,"RLA496845S",0.907,4.2429375,-0.34393,2020-01-14 19:05:00
"429",-423,"RLA496845S",0.907,4.25075,-0.344745,2020-01-14 19:05:00
"430",-424,"RLA496845S",0.907,4.2585625,-0.34556,2020-01-14 19:05:00
"431",-424,"RLA496845S",0.907,4.266375,-0.34556,2020-01-14 19:05:00
"432",-422,"RLA496845S",0.907,4.2741875,-0.34393,2020-01-14 19:05:00
"433",-423,"RLA496845S",0.907,4.282,-0.344745,2020-01-14 19:05:00
"434",-425,"RLA496845S",0.907,4.2898125,-0.346375,2020-01-14 19:05:00
"435",-424,"RLA496845S",0.907,4.297625,-0.34556,2020-01-14 19:05:00
"436",-423,"RLA496845S",0.907,4.3054375,-0.344745,2020-01-14 19:05:00
"437",-424,"RLA496845S",0.907,4.31325,-0.34556,2020-01-14 19:05:00
"438",-426,"RLA496845S",0.907,4.3210625,-0.34719,2020-01-14 19:05:00
"439",-427,"RLA496845S",0.907,4.328875,-0.348005,2020-01-14 19:05:00
"440",-425,"RLA496845S",0.907,4.3366875,-0.346375,2020-01-14 19:05:00
"441",-423,"RLA496845S",0.907,4.3445,-0.344745,2020-01-14 19:05:00
"442",-421,"RLA496845S",0.907,4.3523125,-0.343115,2020-01-14 19:05:00
"443",-422,"RLA496845S",0.907,4.360125,-0.34393,2020-01-14 19:05:00
"444",-424,"RLA496845S",0.907,4.3679375,-0.34556,2020-01-14 19:05:00
"445",-425,"RLA496845S",0.907,4.37575,-0.346375,2020-01-14 19:05:00
"446",-425,"RLA496845S",0.907,4.3835625,-0.346375,2020-01-14 19:05:00
"447",-426,"RLA496845S",0.907,4.391375,-0.34719,2020-01-14 19:05:00
"448",-423,"RLA496845S",0.907,4.3991875,-0.344745,2020-01-14 19:05:00
"449",-424,"RLA496845S",0.907,4.407,-0.34556,2020-01-14 19:05:00
"450",-426,"RLA496845S",0.907,4.4148125,-0.34719,2020-01-14 19:05:00
"451",-425,"RLA496845S",0.907,4.422625,-0.346375,2020-01-14 19:05:00
"452",-427,"RLA496845S",0.907,4.4304375,-0.348005,2020-01-14 19:05:00
"453",-430,"RLA496845S",0.907,4.43825,-0.35045,2020-01-14 19:05:00
"454",-432,"RLA496845S",0.907,4.4460625,-0.35208,2020-01-14 19:05:00
"455",-434,"RLA496845S",0.907,4.453875,-0.35371,2020-01-14 19:05:00
"456",-433,"RLA496845S",0.907,4.4616875,-0.352895,2020-01-14 19:05:00
"457",-435,"RLA496845S",0.907,4.4695,-0.354525,2020-01-14 19:05:00
"458",-445,"RLA496845S",0.907,4.4773125,-0.362675,2020-01-14 19:05:00
"459",-454,"RLA496845S",0.907,4.485125,-0.37001,2020-01-14 19:05:00
"460",-461,"RLA496845S",0.907,4.4929375,-0.375715,2020-01-14 19:05:00
"461",-460,"RLA496845S",0.907,4.50075,-0.3749,2020-01-14 19:05:00
"462",-438,"RLA496845S",0.907,4.5085625,-0.35697,2020-01-14 19:05:00
"463",-419,"RLA496845S",0.907,4.516375,-0.341485,2020-01-14 19:05:00
"464",-417,"RLA496845S",0.907,4.5241875,-0.339855,2020-01-14 19:05:00
"465",-417,"RLA496845S",0.907,4.532,-0.339855,2020-01-14 19:05:00
"466",-413,"RLA496845S",0.907,4.5398125,-0.336595,2020-01-14 19:05:00
"467",-408,"RLA496845S",0.907,4.547625,-0.33252,2020-01-14 19:05:00
"468",-407,"RLA496845S",0.907,4.5554375,-0.331705,2020-01-14 19:05:00
"469",-405,"RLA496845S",0.907,4.56325,-0.330075,2020-01-14 19:05:00
"470",-405,"RLA496845S",0.907,4.5710625,-0.330075,2020-01-14 19:05:00
"471",-405,"RLA496845S",0.907,4.578875,-0.330075,2020-01-14 19:05:00
"472",-407,"RLA496845S",0.907,4.5866875,-0.331705,2020-01-14 19:05:00
"473",-384,"RLA496845S",0.907,4.5945,-0.31296,2020-01-14 19:05:00
"474",-437,"RLA496845S",0.907,4.6023125,-0.356155,2020-01-14 19:05:00
"475",-892,"RLA496845S",0.907,4.610125,-0.72698,2020-01-14 19:05:00
"476",-1731,"RLA496845S",0.907,4.6179375,-1.410765,2020-01-14 19:05:00
"477",-1797,"RLA496845S",0.907,4.62575,-1.464555,2020-01-14 19:05:00
"478",-348,"RLA496845S",0.907,4.6335625,-0.28362,2020-01-14 19:05:00
"479",613,"RLA496845S",0.907,4.641375,0.499595,2020-01-14 19:05:00
"480",-176,"RLA496845S",0.907,4.6491875,-0.14344,2020-01-14 19:05:00
"481",-552,"RLA496845S",0.907,4.657,-0.44988,2020-01-14 19:05:00
"482",-444,"RLA496845S",0.907,4.6648125,-0.36186,2020-01-14 19:05:00
"483",-426,"RLA496845S",0.907,4.672625,-0.34719,2020-01-14 19:05:00
"484",-488,"RLA496845S",0.907,4.6804375,-0.39772,2020-01-14 19:05:00
"485",-479,"RLA496845S",0.907,4.68825,-0.390385,2020-01-14 19:05:00
"486",-549,"RLA496845S",0.907,4.6960625,-0.447435,2020-01-14 19:05:00
"487",-536,"RLA496845S",0.907,4.703875,-0.43684,2020-01-14 19:05:00
"488",-475,"RLA496845S",0.907,4.7116875,-0.387125,2020-01-14 19:05:00
"489",-600,"RLA496845S",0.907,4.7195,-0.489,2020-01-14 19:05:00
"490",-649,"RLA496845S",0.907,4.7273125,-0.528935,2020-01-14 19:05:00
"491",-677,"RLA496845S",0.907,4.735125,-0.551755,2020-01-14 19:05:00
"492",-714,"RLA496845S",0.907,4.7429375,-0.58191,2020-01-14 19:05:00
"493",-758,"RLA496845S",0.907,4.75075,-0.61777,2020-01-14 19:05:00
"494",-827,"RLA496845S",0.907,4.7585625,-0.674005,2020-01-14 19:05:00
"495",-882,"RLA496845S",0.907,4.766375,-0.71883,2020-01-14 19:05:00
"496",-982,"RLA496845S",0.907,4.7741875,-0.80033,2020-01-14 19:05:00
"497",-1042,"RLA496845S",0.907,4.782,-0.84923,2020-01-14 19:05:00
"498",-1112,"RLA496845S",0.907,4.7898125,-0.90628,2020-01-14 19:05:00
"499",-1232,"RLA496845S",0.907,4.797625,-1.00408,2020-01-14 19:05:00
"500",-1290,"RLA496845S",0.907,4.8054375,-1.05135,2020-01-14 19:05:00
"501",-1107,"RLA496845S",0.907,4.81325,-0.902205,2020-01-14 19:05:00
"502",-723,"RLA496845S",0.907,4.8210625,-0.589245,2020-01-14 19:05:00
"503",-411,"RLA496845S",0.907,4.828875,-0.334965,2020-01-14 19:05:00
"504",-294,"RLA496845S",0.907,4.8366875,-0.23961,2020-01-14 19:05:00
"505",-266,"RLA496845S",0.907,4.8445,-0.21679,2020-01-14 19:05:00
"506",-257,"RLA496845S",0.907,4.8523125,-0.209455,2020-01-14 19:05:00
"507",-258,"RLA496845S",0.907,4.860125,-0.21027,2020-01-14 19:05:00
"508",-250,"RLA496845S",0.907,4.8679375,-0.20375,2020-01-14 19:05:00
"509",-254,"RLA496845S",0.907,4.87575,-0.20701,2020-01-14 19:05:00
"510",-261,"RLA496845S",0.907,4.8835625,-0.212715,2020-01-14 19:05:00
"511",-262,"RLA496845S",0.907,4.891375,-0.21353,2020-01-14 19:05:00
"512",-273,"RLA496845S",0.907,4.8991875,-0.222495,2020-01-14 19:05:00
"513",-279,"RLA496845S",0.907,4.907,-0.227385,2020-01-14 19:05:00
"514",-288,"RLA496845S",0.907,4.9148125,-0.23472,2020-01-14 19:05:00
"515",-296,"RLA496845S",0.907,4.922625,-0.24124,2020-01-14 19:05:00
"516",-295,"RLA496845S",0.907,4.9304375,-0.240425,2020-01-14 19:05:00
"517",-300,"RLA496845S",0.907,4.93825,-0.2445,2020-01-14 19:05:00
"518",-304,"RLA496845S",0.907,4.9460625,-0.24776,2020-01-14 19:05:00
"519",-306,"RLA496845S",0.907,4.953875,-0.24939,2020-01-14 19:05:00
"520",-308,"RLA496845S",0.907,4.9616875,-0.25102,2020-01-14 19:05:00
"521",-306,"RLA496845S",0.907,4.9695,-0.24939,2020-01-14 19:05:00
"522",-309,"RLA496845S",0.907,4.9773125,-0.251835,2020-01-14 19:05:00
"523",-311,"RLA496845S",0.907,4.985125,-0.253465,2020-01-14 19:05:00
"524",-307,"RLA496845S",0.907,4.9929375,-0.250205,2020-01-14 19:05:00
"525",-307,"RLA496845S",0.907,5.00075,-0.250205,2020-01-14 19:05:00
"526",-310,"RLA496845S",0.907,5.0085625,-0.25265,2020-01-14 19:05:00
"527",-312,"RLA496845S",0.907,5.016375,-0.25428,2020-01-14 19:05:00
"528",-311,"RLA496845S",0.907,5.0241875,-0.253465,2020-01-14 19:05:00
"529",-312,"RLA496845S",0.907,5.032,-0.25428,2020-01-14 19:05:00
"530",-315,"RLA496845S",0.907,5.0398125,-0.256725,2020-01-14 19:05:00
"531",-315,"RLA496845S",0.907,5.047625,-0.256725,2020-01-14 19:05:00
"532",-317,"RLA496845S",0.907,5.0554375,-0.258355,2020-01-14 19:05:00
"533",-321,"RLA496845S",0.907,5.06325,-0.261615,2020-01-14 19:05:00
"534",-323,"RLA496845S",0.907,5.0710625,-0.263245,2020-01-14 19:05:00
"535",-324,"RLA496845S",0.907,5.078875,-0.26406,2020-01-14 19:05:00
"536",-328,"RLA496845S",0.907,5.0866875,-0.26732,2020-01-14 19:05:00
"537",-329,"RLA496845S",0.907,5.0945,-0.268135,2020-01-14 19:05:00
"538",-331,"RLA496845S",0.907,5.1023125,-0.269765,2020-01-14 19:05:00
"539",-333,"RLA496845S",0.907,5.110125,-0.271395,2020-01-14 19:05:00
"540",-336,"RLA496845S",0.907,5.1179375,-0.27384,2020-01-14 19:05:00
"541",-339,"RLA496845S",0.907,5.12575,-0.276285,2020-01-14 19:05:00
"542",-340,"RLA496845S",0.907,5.1335625,-0.2771,2020-01-14 19:05:00
"543",-340,"RLA496845S",0.907,5.141375,-0.2771,2020-01-14 19:05:00
"544",-343,"RLA496845S",0.907,5.1491875,-0.279545,2020-01-14 19:05:00
"545",-345,"RLA496845S",0.907,5.157,-0.281175,2020-01-14 19:05:00
"546",-346,"RLA496845S",0.907,5.1648125,-0.28199,2020-01-14 19:05:00
"547",-346,"RLA496845S",0.907,5.172625,-0.28199,2020-01-14 19:05:00
"548",-347,"RLA496845S",0.907,5.1804375,-0.282805,2020-01-14 19:05:00
"549",-351,"RLA496845S",0.907,5.18825,-0.286065,2020-01-14 19:05:00
"550",-352,"RLA496845S",0.907,5.1960625,-0.28688,2020-01-14 19:05:00
"551",-352,"RLA496845S",0.907,5.203875,-0.28688,2020-01-14 19:05:00
"552",-354,"RLA496845S",0.907,5.2116875,-0.28851,2020-01-14 19:05:00
"553",-356,"RLA496845S",0.907,5.2195,-0.29014,2020-01-14 19:05:00
"554",-359,"RLA496845S",0.907,5.2273125,-0.292585,2020-01-14 19:05:00
"555",-361,"RLA496845S",0.907,5.235125,-0.294215,2020-01-14 19:05:00
"556",-361,"RLA496845S",0.907,5.2429375,-0.294215,2020-01-14 19:05:00
"557",-362,"RLA496845S",0.907,5.25075,-0.29503,2020-01-14 19:05:00
"558",-365,"RLA496845S",0.907,5.2585625,-0.297475,2020-01-14 19:05:00
"559",-367,"RLA496845S",0.907,5.266375,-0.299105,2020-01-14 19:05:00
"560",-370,"RLA496845S",0.907,5.2741875,-0.30155,2020-01-14 19:05:00
"561",-369,"RLA496845S",0.907,5.282,-0.300735,2020-01-14 19:05:00
"562",-369,"RLA496845S",0.907,5.2898125,-0.300735,2020-01-14 19:05:00
"563",-372,"RLA496845S",0.907,5.297625,-0.30318,2020-01-14 19:05:00
"564",-373,"RLA496845S",0.907,5.3054375,-0.303995,2020-01-14 19:05:00
"565",-376,"RLA496845S",0.907,5.31325,-0.30644,2020-01-14 19:05:00
"566",-380,"RLA496845S",0.907,5.3210625,-0.3097,2020-01-14 19:05:00
"567",-381,"RLA496845S",0.907,5.328875,-0.310515,2020-01-14 19:05:00
"568",-379,"RLA496845S",0.907,5.3366875,-0.308885,2020-01-14 19:05:00
"569",-379,"RLA496845S",0.907,5.3445,-0.308885,2020-01-14 19:05:00
"570",-382,"RLA496845S",0.907,5.3523125,-0.31133,2020-01-14 19:05:00
"571",-384,"RLA496845S",0.907,5.360125,-0.31296,2020-01-14 19:05:00
"572",-384,"RLA496845S",0.907,5.3679375,-0.31296,2020-01-14 19:05:00
"573",-385,"RLA496845S",0.907,5.37575,-0.313775,2020-01-14 19:05:00
"574",-386,"RLA496845S",0.907,5.3835625,-0.31459,2020-01-14 19:05:00
"575",-386,"RLA496845S",0.907,5.391375,-0.31459,2020-01-14 19:05:00
"576",-384,"RLA496845S",0.907,5.3991875,-0.31296,2020-01-14 19:05:00
"577",-387,"RLA496845S",0.907,5.407,-0.315405,2020-01-14 19:05:00
"578",-390,"RLA496845S",0.907,5.4148125,-0.31785,2020-01-14 19:05:00
"579",-391,"RLA496845S",0.907,5.422625,-0.318665,2020-01-14 19:05:00
"580",-391,"RLA496845S",0.907,5.4304375,-0.318665,2020-01-14 19:05:00
"581",-390,"RLA496845S",0.907,5.43825,-0.31785,2020-01-14 19:05:00
"582",-393,"RLA496845S",0.907,5.4460625,-0.320295,2020-01-14 19:05:00
"583",-396,"RLA496845S",0.907,5.453875,-0.32274,2020-01-14 19:05:00
"584",-396,"RLA496845S",0.907,5.4616875,-0.32274,2020-01-14 19:05:00
"585",-395,"RLA496845S",0.907,5.4695,-0.321925,2020-01-14 19:05:00
"586",-395,"RLA496845S",0.907,5.4773125,-0.321925,2020-01-14 19:05:00
"587",-397,"RLA496845S",0.907,5.485125,-0.323555,2020-01-14 19:05:00
"588",-399,"RLA496845S",0.907,5.4929375,-0.325185,2020-01-14 19:05:00
"589",-400,"RLA496845S",0.907,5.50075,-0.326,2020-01-14 19:05:00
"590",-399,"RLA496845S",0.907,5.5085625,-0.325185,2020-01-14 19:05:00
"591",-397,"RLA496845S",0.907,5.516375,-0.323555,2020-01-14 19:05:00
"592",-398,"RLA496845S",0.907,5.5241875,-0.32437,2020-01-14 19:05:00
"593",-400,"RLA496845S",0.907,5.532,-0.326,2020-01-14 19:05:00
"594",-403,"RLA496845S",0.907,5.5398125,-0.328445,2020-01-14 19:05:00
"595",-404,"RLA496845S",0.907,5.547625,-0.32926,2020-01-14 19:05:00
"596",-405,"RLA496845S",0.907,5.5554375,-0.330075,2020-01-14 19:05:00
"597",-406,"RLA496845S",0.907,5.56325,-0.33089,2020-01-14 19:05:00
"598",-405,"RLA496845S",0.907,5.5710625,-0.330075,2020-01-14 19:05:00
"599",-407,"RLA496845S",0.907,5.578875,-0.331705,2020-01-14 19:05:00
"600",-408,"RLA496845S",0.907,5.5866875,-0.33252,2020-01-14 19:05:00
"601",-407,"RLA496845S",0.907,5.5945,-0.331705,2020-01-14 19:05:00
"602",-407,"RLA496845S",0.907,5.6023125,-0.331705,2020-01-14 19:05:00
"603",-408,"RLA496845S",0.907,5.610125,-0.33252,2020-01-14 19:05:00
"604",-411,"RLA496845S",0.907,5.6179375,-0.334965,2020-01-14 19:05:00
"605",-413,"RLA496845S",0.907,5.62575,-0.336595,2020-01-14 19:05:00
"606",-413,"RLA496845S",0.907,5.6335625,-0.336595,2020-01-14 19:05:00
"607",-415,"RLA496845S",0.907,5.641375,-0.338225,2020-01-14 19:05:00
"608",-415,"RLA496845S",0.907,5.6491875,-0.338225,2020-01-14 19:05:00
"609",-413,"RLA496845S",0.907,5.657,-0.336595,2020-01-14 19:05:00
"610",-415,"RLA496845S",0.907,5.6648125,-0.338225,2020-01-14 19:05:00
"611",-417,"RLA496845S",0.907,5.672625,-0.339855,2020-01-14 19:05:00
"612",-415,"RLA496845S",0.907,5.6804375,-0.338225,2020-01-14 19:05:00
"613",-412,"RLA496845S",0.907,5.68825,-0.33578,2020-01-14 19:05:00
"614",-415,"RLA496845S",0.907,5.6960625,-0.338225,2020-01-14 19:05:00
"615",-419,"RLA496845S",0.907,5.703875,-0.341485,2020-01-14 19:05:00
"616",-416,"RLA496845S",0.907,5.7116875,-0.33904,2020-01-14 19:05:00
"617",-420,"RLA496845S",0.907,5.7195,-0.3423,2020-01-14 19:05:00
"618",-431,"RLA496845S",0.907,5.7273125,-0.351265,2020-01-14 19:05:00
"619",-434,"RLA496845S",0.907,5.735125,-0.35371,2020-01-14 19:05:00
"620",-427,"RLA496845S",0.907,5.7429375,-0.348005,2020-01-14 19:05:00
"621",-420,"RLA496845S",0.907,5.75075,-0.3423,2020-01-14 19:05:00
"622",-431,"RLA496845S",0.907,5.7585625,-0.351265,2020-01-14 19:05:00
"623",-454,"RLA496845S",0.907,5.766375,-0.37001,2020-01-14 19:05:00
"624",-445,"RLA496845S",0.907,5.7741875,-0.362675,2020-01-14 19:05:00
"625",-423,"RLA496845S",0.907,5.782,-0.344745,2020-01-14 19:05:00
"626",-417,"RLA496845S",0.907,5.7898125,-0.339855,2020-01-14 19:05:00
"627",-416,"RLA496845S",0.907,5.797625,-0.33904,2020-01-14 19:05:00
"628",-410,"RLA496845S",0.907,5.8054375,-0.33415,2020-01-14 19:05:00
"629",-407,"RLA496845S",0.907,5.81325,-0.331705,2020-01-14 19:05:00
"630",-409,"RLA496845S",0.907,5.8210625,-0.333335,2020-01-14 19:05:00
"631",-406,"RLA496845S",0.907,5.828875,-0.33089,2020-01-14 19:05:00
"632",-402,"RLA496845S",0.907,5.8366875,-0.32763,2020-01-14 19:05:00
"633",-406,"RLA496845S",0.907,5.8445,-0.33089,2020-01-14 19:05:00
"634",-409,"RLA496845S",0.907,5.8523125,-0.333335,2020-01-14 19:05:00
"635",-412,"RLA496845S",0.907,5.860125,-0.33578,2020-01-14 19:05:00
"636",-413,"RLA496845S",0.907,5.8679375,-0.336595,2020-01-14 19:05:00
"637",-383,"RLA496845S",0.907,5.87575,-0.312145,2020-01-14 19:05:00
"638",-477,"RLA496845S",0.907,5.8835625,-0.388755,2020-01-14 19:05:00
"639",-968,"RLA496845S",0.907,5.891375,-0.78892,2020-01-14 19:05:00
"640",-1965,"RLA496845S",0.907,5.8991875,-1.601475,2020-01-14 19:05:00
"641",-1878,"RLA496845S",0.907,5.907,-1.53057,2020-01-14 19:05:00
"642",-394,"RLA496845S",0.907,5.9148125,-0.32111,2020-01-14 19:05:00
"643",387,"RLA496845S",0.907,5.922625,0.315405,2020-01-14 19:05:00
"644",-249,"RLA496845S",0.907,5.9304375,-0.202935,2020-01-14 19:05:00
"645",-591,"RLA496845S",0.907,5.93825,-0.481665,2020-01-14 19:05:00
"646",-431,"RLA496845S",0.907,5.9460625,-0.351265,2020-01-14 19:05:00
"647",-426,"RLA496845S",0.907,5.953875,-0.34719,2020-01-14 19:05:00
"648",-515,"RLA496845S",0.907,5.9616875,-0.419725,2020-01-14 19:05:00
"649",-495,"RLA496845S",0.907,5.9695,-0.403425,2020-01-14 19:05:00
"650",-541,"RLA496845S",0.907,5.9773125,-0.440915,2020-01-14 19:05:00
"651",-548,"RLA496845S",0.907,5.985125,-0.44662,2020-01-14 19:05:00
"652",-610,"RLA496845S",0.907,5.9929375,-0.49715,2020-01-14 19:05:00
"653",-680,"RLA496845S",0.907,6.00075,-0.5542,2020-01-14 19:05:00
"654",-618,"RLA496845S",0.907,6.0085625,-0.50367,2020-01-14 19:05:00
"655",-654,"RLA496845S",0.907,6.016375,-0.53301,2020-01-14 19:05:00
"656",-721,"RLA496845S",0.907,6.0241875,-0.587615,2020-01-14 19:05:00
"657",-768,"RLA496845S",0.907,6.032,-0.62592,2020-01-14 19:05:00
"658",-839,"RLA496845S",0.907,6.0398125,-0.683785,2020-01-14 19:05:00
"659",-899,"RLA496845S",0.907,6.047625,-0.732685,2020-01-14 19:05:00
"660",-992,"RLA496845S",0.907,6.0554375,-0.80848,2020-01-14 19:05:00
"661",-1064,"RLA496845S",0.907,6.06325,-0.86716,2020-01-14 19:05:00
"662",-1137,"RLA496845S",0.907,6.0710625,-0.926655,2020-01-14 19:05:00
"663",-1252,"RLA496845S",0.907,6.078875,-1.02038,2020-01-14 19:05:00
"664",-1296,"RLA496845S",0.907,6.0866875,-1.05624,2020-01-14 19:05:00
"665",-1067,"RLA496845S",0.907,6.0945,-0.869605,2020-01-14 19:05:00
"666",-665,"RLA496845S",0.907,6.1023125,-0.541975,2020-01-14 19:05:00
"667",-371,"RLA496845S",0.907,6.110125,-0.302365,2020-01-14 19:05:00
"668",-274,"RLA496845S",0.907,6.1179375,-0.22331,2020-01-14 19:05:00
"669",-252,"RLA496845S",0.907,6.12575,-0.20538,2020-01-14 19:05:00
"670",-251,"RLA496845S",0.907,6.1335625,-0.204565,2020-01-14 19:05:00
"671",-249,"RLA496845S",0.907,6.141375,-0.202935,2020-01-14 19:05:00
"672",-243,"RLA496845S",0.907,6.1491875,-0.198045,2020-01-14 19:05:00
"673",-249,"RLA496845S",0.907,6.157,-0.202935,2020-01-14 19:05:00
"674",-250,"RLA496845S",0.907,6.1648125,-0.20375,2020-01-14 19:05:00
"675",-251,"RLA496845S",0.907,6.172625,-0.204565,2020-01-14 19:05:00
"676",-264,"RLA496845S",0.907,6.1804375,-0.21516,2020-01-14 19:05:00
"677",-274,"RLA496845S",0.907,6.18825,-0.22331,2020-01-14 19:05:00
"678",-282,"RLA496845S",0.907,6.1960625,-0.22983,2020-01-14 19:05:00
"679",-286,"RLA496845S",0.907,6.203875,-0.23309,2020-01-14 19:05:00
"680",-284,"RLA496845S",0.907,6.2116875,-0.23146,2020-01-14 19:05:00
"681",-295,"RLA496845S",0.907,6.2195,-0.240425,2020-01-14 19:05:00
"682",-302,"RLA496845S",0.907,6.2273125,-0.24613,2020-01-14 19:05:00
"683",-303,"RLA496845S",0.907,6.235125,-0.246945,2020-01-14 19:05:00
"684",-303,"RLA496845S",0.907,6.2429375,-0.246945,2020-01-14 19:05:00
"685",-305,"RLA496845S",0.907,6.25075,-0.248575,2020-01-14 19:05:00
"686",-309,"RLA496845S",0.907,6.2585625,-0.251835,2020-01-14 19:05:00
"687",-310,"RLA496845S",0.907,6.266375,-0.25265,2020-01-14 19:05:00
"688",-308,"RLA496845S",0.907,6.2741875,-0.25102,2020-01-14 19:05:00
"689",-305,"RLA496845S",0.907,6.282,-0.248575,2020-01-14 19:05:00
"690",-302,"RLA496845S",0.907,6.2898125,-0.24613,2020-01-14 19:05:00
"691",-304,"RLA496845S",0.907,6.297625,-0.24776,2020-01-14 19:05:00
"692",-307,"RLA496845S",0.907,6.3054375,-0.250205,2020-01-14 19:05:00
"693",-310,"RLA496845S",0.907,6.31325,-0.25265,2020-01-14 19:05:00
"694",-311,"RLA496845S",0.907,6.3210625,-0.253465,2020-01-14 19:05:00
"695",-310,"RLA496845S",0.907,6.328875,-0.25265,2020-01-14 19:05:00
"696",-313,"RLA496845S",0.907,6.3366875,-0.255095,2020-01-14 19:05:00
"697",-320,"RLA496845S",0.907,6.3445,-0.2608,2020-01-14 19:05:00
"698",-321,"RLA496845S",0.907,6.3523125,-0.261615,2020-01-14 19:05:00
"699",-321,"RLA496845S",0.907,6.360125,-0.261615,2020-01-14 19:05:00
"700",-326,"RLA496845S",0.907,6.3679375,-0.26569,2020-01-14 19:05:00
"701",-330,"RLA496845S",0.907,6.37575,-0.26895,2020-01-14 19:05:00
"702",-331,"RLA496845S",0.907,6.3835625,-0.269765,2020-01-14 19:05:00
"703",-327,"RLA496845S",0.907,6.391375,-0.266505,2020-01-14 19:05:00
"704",-331,"RLA496845S",0.907,6.3991875,-0.269765,2020-01-14 19:05:00
"705",-337,"RLA496845S",0.907,6.407,-0.274655,2020-01-14 19:05:00
"706",-337,"RLA496845S",0.907,6.4148125,-0.274655,2020-01-14 19:05:00
"707",-338,"RLA496845S",0.907,6.422625,-0.27547,2020-01-14 19:05:00
"708",-341,"RLA496845S",0.907,6.4304375,-0.277915,2020-01-14 19:05:00
"709",-343,"RLA496845S",0.907,6.43825,-0.279545,2020-01-14 19:05:00
"710",-342,"RLA496845S",0.907,6.4460625,-0.27873,2020-01-14 19:05:00
"711",-344,"RLA496845S",0.907,6.453875,-0.28036,2020-01-14 19:05:00
"712",-349,"RLA496845S",0.907,6.4616875,-0.284435,2020-01-14 19:05:00
"713",-352,"RLA496845S",0.907,6.4695,-0.28688,2020-01-14 19:05:00
"714",-352,"RLA496845S",0.907,6.4773125,-0.28688,2020-01-14 19:05:00
"715",-352,"RLA496845S",0.907,6.485125,-0.28688,2020-01-14 19:05:00
"716",-354,"RLA496845S",0.907,6.4929375,-0.28851,2020-01-14 19:05:00
"717",-354,"RLA496845S",0.907,6.50075,-0.28851,2020-01-14 19:05:00
"718",-358,"RLA496845S",0.907,6.5085625,-0.29177,2020-01-14 19:05:00
"719",-361,"RLA496845S",0.907,6.516375,-0.294215,2020-01-14 19:05:00
"720",-362,"RLA496845S",0.907,6.5241875,-0.29503,2020-01-14 19:05:00
"721",-362,"RLA496845S",0.907,6.532,-0.29503,2020-01-14 19:05:00
"722",-363,"RLA496845S",0.907,6.5398125,-0.295845,2020-01-14 19:05:00
"723",-367,"RLA496845S",0.907,6.547625,-0.299105,2020-01-14 19:05:00
"724",-369,"RLA496845S",0.907,6.5554375,-0.300735,2020-01-14 19:05:00
"725",-368,"RLA496845S",0.907,6.56325,-0.29992,2020-01-14 19:05:00
"726",-370,"RLA496845S",0.907,6.5710625,-0.30155,2020-01-14 19:05:00
"727",-373,"RLA496845S",0.907,6.578875,-0.303995,2020-01-14 19:05:00
"728",-372,"RLA496845S",0.907,6.5866875,-0.30318,2020-01-14 19:05:00
"729",-374,"RLA496845S",0.907,6.5945,-0.30481,2020-01-14 19:05:00
"730",-377,"RLA496845S",0.907,6.6023125,-0.307255,2020-01-14 19:05:00
"731",-379,"RLA496845S",0.907,6.610125,-0.308885,2020-01-14 19:05:00
"732",-380,"RLA496845S",0.907,6.6179375,-0.3097,2020-01-14 19:05:00
"733",-381,"RLA496845S",0.907,6.62575,-0.310515,2020-01-14 19:05:00
"734",-383,"RLA496845S",0.907,6.6335625,-0.312145,2020-01-14 19:05:00
"735",-385,"RLA496845S",0.907,6.641375,-0.313775,2020-01-14 19:05:00
"736",-386,"RLA496845S",0.907,6.6491875,-0.31459,2020-01-14 19:05:00
"737",-384,"RLA496845S",0.907,6.657,-0.31296,2020-01-14 19:05:00
"738",-382,"RLA496845S",0.907,6.6648125,-0.31133,2020-01-14 19:05:00
"739",-384,"RLA496845S",0.907,6.672625,-0.31296,2020-01-14 19:05:00
"740",-388,"RLA496845S",0.907,6.6804375,-0.31622,2020-01-14 19:05:00
"741",-390,"RLA496845S",0.907,6.68825,-0.31785,2020-01-14 19:05:00
"742",-393,"RLA496845S",0.907,6.6960625,-0.320295,2020-01-14 19:05:00
"743",-394,"RLA496845S",0.907,6.703875,-0.32111,2020-01-14 19:05:00
"744",-394,"RLA496845S",0.907,6.7116875,-0.32111,2020-01-14 19:05:00
"745",-394,"RLA496845S",0.907,6.7195,-0.32111,2020-01-14 19:05:00
"746",-395,"RLA496845S",0.907,6.7273125,-0.321925,2020-01-14 19:05:00
"747",-399,"RLA496845S",0.907,6.735125,-0.325185,2020-01-14 19:05:00
"748",-405,"RLA496845S",0.907,6.7429375,-0.330075,2020-01-14 19:05:00
"749",-411,"RLA496845S",0.907,6.75075,-0.334965,2020-01-14 19:05:00
"750",-409,"RLA496845S",0.907,6.7585625,-0.333335,2020-01-14 19:05:00
"751",-405,"RLA496845S",0.907,6.766375,-0.330075,2020-01-14 19:05:00
"752",-421,"RLA496845S",0.907,6.7741875,-0.343115,2020-01-14 19:05:00
"753",-432,"RLA496845S",0.907,6.782,-0.35208,2020-01-14 19:05:00
"754",-435,"RLA496845S",0.907,6.7898125,-0.354525,2020-01-14 19:05:00
"755",-419,"RLA496845S",0.907,6.797625,-0.341485,2020-01-14 19:05:00
"756",-397,"RLA496845S",0.907,6.8054375,-0.323555,2020-01-14 19:05:00
"757",-395,"RLA496845S",0.907,6.81325,-0.321925,2020-01-14 19:05:00
"758",-396,"RLA496845S",0.907,6.8210625,-0.32274,2020-01-14 19:05:00
"759",-390,"RLA496845S",0.907,6.828875,-0.31785,2020-01-14 19:05:00
"760",-384,"RLA496845S",0.907,6.8366875,-0.31296,2020-01-14 19:05:00
"761",-386,"RLA496845S",0.907,6.8445,-0.31459,2020-01-14 19:05:00
"762",-386,"RLA496845S",0.907,6.8523125,-0.31459,2020-01-14 19:05:00
"763",-388,"RLA496845S",0.907,6.860125,-0.31622,2020-01-14 19:05:00
"764",-391,"RLA496845S",0.907,6.8679375,-0.318665,2020-01-14 19:05:00
"765",-392,"RLA496845S",0.907,6.87575,-0.31948,2020-01-14 19:05:00
"766",-400,"RLA496845S",0.907,6.8835625,-0.326,2020-01-14 19:05:00
"767",-375,"RLA496845S",0.907,6.891375,-0.305625,2020-01-14 19:05:00
"768",-461,"RLA496845S",0.907,6.8991875,-0.375715,2020-01-14 19:05:00
"769",-1125,"RLA496845S",0.907,6.907,-0.916875,2020-01-14 19:05:00
"770",-2094,"RLA496845S",0.907,6.9148125,-1.70661,2020-01-14 19:05:00
"771",-2002,"RLA496845S",0.907,6.922625,-1.63163,2020-01-14 19:05:00
"772",-350,"RLA496845S",0.907,6.9304375,-0.28525,2020-01-14 19:05:00
"773",429,"RLA496845S",0.907,6.93825,0.349635,2020-01-14 19:05:00
"774",-234,"RLA496845S",0.907,6.9460625,-0.19071,2020-01-14 19:05:00
"775",-458,"RLA496845S",0.907,6.953875,-0.37327,2020-01-14 19:05:00
"776",-304,"RLA496845S",0.907,6.9616875,-0.24776,2020-01-14 19:05:00
"777",-434,"RLA496845S",0.907,6.9695,-0.35371,2020-01-14 19:05:00
"778",-503,"RLA496845S",0.907,6.9773125,-0.409945,2020-01-14 19:05:00
"779",-498,"RLA496845S",0.907,6.985125,-0.40587,2020-01-14 19:05:00
"780",-540,"RLA496845S",0.907,6.9929375,-0.4401,2020-01-14 19:05:00
"781",-539,"RLA496845S",0.907,7.00075,-0.439285,2020-01-14 19:05:00
"782",-617,"RLA496845S",0.907,7.0085625,-0.502855,2020-01-14 19:05:00
"783",-704,"RLA496845S",0.907,7.016375,-0.57376,2020-01-14 19:05:00
"784",-600,"RLA496845S",0.907,7.0241875,-0.489,2020-01-14 19:05:00
"785",-659,"RLA496845S",0.907,7.032,-0.537085,2020-01-14 19:05:00
"786",-740,"RLA496845S",0.907,7.0398125,-0.6031,2020-01-14 19:05:00
"787",-802,"RLA496845S",0.907,7.047625,-0.65363,2020-01-14 19:05:00
"788",-877,"RLA496845S",0.907,7.0554375,-0.714755,2020-01-14 19:05:00
"789",-952,"RLA496845S",0.907,7.06325,-0.77588,2020-01-14 19:05:00
"790",-1053,"RLA496845S",0.907,7.0710625,-0.858195,2020-01-14 19:05:00
"791",-1127,"RLA496845S",0.907,7.078875,-0.918505,2020-01-14 19:05:00
"792",-1234,"RLA496845S",0.907,7.0866875,-1.00571,2020-01-14 19:05:00
"793",-1343,"RLA496845S",0.907,7.0945,-1.094545,2020-01-14 19:05:00
"794",-1304,"RLA496845S",0.907,7.1023125,-1.06276,2020-01-14 19:05:00
"795",-1009,"RLA496845S",0.907,7.110125,-0.822335,2020-01-14 19:05:00
"796",-597,"RLA496845S",0.907,7.1179375,-0.486555,2020-01-14 19:05:00
"797",-331,"RLA496845S",0.907,7.12575,-0.269765,2020-01-14 19:05:00
"798",-251,"RLA496845S",0.907,7.1335625,-0.204565,2020-01-14 19:05:00
"799",-228,"RLA496845S",0.907,7.141375,-0.18582,2020-01-14 19:05:00
"800",-236,"RLA496845S",0.907,7.1491875,-0.19234,2020-01-14 19:05:00
"801",-232,"RLA496845S",0.907,7.157,-0.18908,2020-01-14 19:05:00
"802",-227,"RLA496845S",0.907,7.1648125,-0.185005,2020-01-14 19:05:00
"803",-234,"RLA496845S",0.907,7.172625,-0.19071,2020-01-14 19:05:00
"804",-236,"RLA496845S",0.907,7.1804375,-0.19234,2020-01-14 19:05:00
"805",-237,"RLA496845S",0.907,7.18825,-0.193155,2020-01-14 19:05:00
"806",-247,"RLA496845S",0.907,7.1960625,-0.201305,2020-01-14 19:05:00
"807",-254,"RLA496845S",0.907,7.203875,-0.20701,2020-01-14 19:05:00
"808",-270,"RLA496845S",0.907,7.2116875,-0.22005,2020-01-14 19:05:00
"809",-276,"RLA496845S",0.907,7.2195,-0.22494,2020-01-14 19:05:00
"810",-281,"RLA496845S",0.907,7.2273125,-0.229015,2020-01-14 19:05:00
"811",-288,"RLA496845S",0.907,7.235125,-0.23472,2020-01-14 19:05:00
"812",-291,"RLA496845S",0.907,7.2429375,-0.237165,2020-01-14 19:05:00
"813",-293,"RLA496845S",0.907,7.25075,-0.238795,2020-01-14 19:05:00
"814",-291,"RLA496845S",0.907,7.2585625,-0.237165,2020-01-14 19:05:00
"815",-293,"RLA496845S",0.907,7.266375,-0.238795,2020-01-14 19:05:00
"816",-296,"RLA496845S",0.907,7.2741875,-0.24124,2020-01-14 19:05:00
"817",-295,"RLA496845S",0.907,7.282,-0.240425,2020-01-14 19:05:00
"818",-296,"RLA496845S",0.907,7.2898125,-0.24124,2020-01-14 19:05:00
"819",-294,"RLA496845S",0.907,7.297625,-0.23961,2020-01-14 19:05:00
"820",-291,"RLA496845S",0.907,7.3054375,-0.237165,2020-01-14 19:05:00
"821",-294,"RLA496845S",0.907,7.31325,-0.23961,2020-01-14 19:05:00
"822",-299,"RLA496845S",0.907,7.3210625,-0.243685,2020-01-14 19:05:00
"823",-302,"RLA496845S",0.907,7.328875,-0.24613,2020-01-14 19:05:00
"824",-301,"RLA496845S",0.907,7.3366875,-0.245315,2020-01-14 19:05:00
"825",-302,"RLA496845S",0.907,7.3445,-0.24613,2020-01-14 19:05:00
"826",-307,"RLA496845S",0.907,7.3523125,-0.250205,2020-01-14 19:05:00
"827",-309,"RLA496845S",0.907,7.360125,-0.251835,2020-01-14 19:05:00
"828",-311,"RLA496845S",0.907,7.3679375,-0.253465,2020-01-14 19:05:00
"829",-314,"RLA496845S",0.907,7.37575,-0.25591,2020-01-14 19:05:00
"830",-313,"RLA496845S",0.907,7.3835625,-0.255095,2020-01-14 19:05:00
"831",-313,"RLA496845S",0.907,7.391375,-0.255095,2020-01-14 19:05:00
"832",-323,"RLA496845S",0.907,7.3991875,-0.263245,2020-01-14 19:05:00
"833",-329,"RLA496845S",0.907,7.407,-0.268135,2020-01-14 19:05:00
"834",-334,"RLA496845S",0.907,7.4148125,-0.27221,2020-01-14 19:05:00
"835",-340,"RLA496845S",0.907,7.422625,-0.2771,2020-01-14 19:05:00
"836",-342,"RLA496845S",0.907,7.4304375,-0.27873,2020-01-14 19:05:00
"837",-343,"RLA496845S",0.907,7.43825,-0.279545,2020-01-14 19:05:00
"838",-356,"RLA496845S",0.907,7.4460625,-0.29014,2020-01-14 19:05:00
"839",-373,"RLA496845S",0.907,7.453875,-0.303995,2020-01-14 19:05:00
"840",-376,"RLA496845S",0.907,7.4616875,-0.30644,2020-01-14 19:05:00
"841",-359,"RLA496845S",0.907,7.4695,-0.292585,2020-01-14 19:05:00
"842",-342,"RLA496845S",0.907,7.4773125,-0.27873,2020-01-14 19:05:00
"843",-337,"RLA496845S",0.907,7.485125,-0.274655,2020-01-14 19:05:00
"844",-336,"RLA496845S",0.907,7.4929375,-0.27384,2020-01-14 19:05:00
"845",-333,"RLA496845S",0.907,7.50075,-0.271395,2020-01-14 19:05:00
"846",-328,"RLA496845S",0.907,7.5085625,-0.26732,2020-01-14 19:05:00
"847",-327,"RLA496845S",0.907,7.516375,-0.266505,2020-01-14 19:05:00
"848",-331,"RLA496845S",0.907,7.5241875,-0.269765,2020-01-14 19:05:00
"849",-330,"RLA496845S",0.907,7.532,-0.26895,2020-01-14 19:05:00
"850",-329,"RLA496845S",0.907,7.5398125,-0.268135,2020-01-14 19:05:00
"851",-337,"RLA496845S",0.907,7.547625,-0.274655,2020-01-14 19:05:00
"852",-344,"RLA496845S",0.907,7.5554375,-0.28036,2020-01-14 19:05:00
"853",-301,"RLA496845S",0.907,7.56325,-0.245315,2020-01-14 19:05:00
"854",-425,"RLA496845S",0.907,7.5710625,-0.346375,2020-01-14 19:05:00
"855",-1096,"RLA496845S",0.907,7.578875,-0.89324,2020-01-14 19:05:00
"856",-2324,"RLA496845S",0.907,7.5866875,-1.89406,2020-01-14 19:05:00
"857",-2134,"RLA496845S",0.907,7.5945,-1.73921,2020-01-14 19:05:00
"858",-394,"RLA496845S",0.907,7.6023125,-0.32111,2020-01-14 19:05:00
"859",449,"RLA496845S",0.907,7.610125,0.365935,2020-01-14 19:05:00
"860",-204,"RLA496845S",0.907,7.6179375,-0.16626,2020-01-14 19:05:00
"861",-422,"RLA496845S",0.907,7.62575,-0.34393,2020-01-14 19:05:00
"862",-282,"RLA496845S",0.907,7.6335625,-0.22983,2020-01-14 19:05:00
"863",-380,"RLA496845S",0.907,7.641375,-0.3097,2020-01-14 19:05:00
"864",-458,"RLA496845S",0.907,7.6491875,-0.37327,2020-01-14 19:05:00
"865",-440,"RLA496845S",0.907,7.657,-0.3586,2020-01-14 19:05:00
"866",-488,"RLA496845S",0.907,7.6648125,-0.39772,2020-01-14 19:05:00
"867",-494,"RLA496845S",0.907,7.672625,-0.40261,2020-01-14 19:05:00
"868",-582,"RLA496845S",0.907,7.6804375,-0.47433,2020-01-14 19:05:00
"869",-656,"RLA496845S",0.907,7.68825,-0.53464,2020-01-14 19:05:00
"870",-581,"RLA496845S",0.907,7.6960625,-0.473515,2020-01-14 19:05:00
"871",-633,"RLA496845S",0.907,7.703875,-0.515895,2020-01-14 19:05:00
"872",-713,"RLA496845S",0.907,7.7116875,-0.581095,2020-01-14 19:05:00
"873",-773,"RLA496845S",0.907,7.7195,-0.629995,2020-01-14 19:05:00
"874",-859,"RLA496845S",0.907,7.7273125,-0.700085,2020-01-14 19:05:00
"875",-927,"RLA496845S",0.907,7.735125,-0.755505,2020-01-14 19:05:00
"876",-1026,"RLA496845S",0.907,7.7429375,-0.83619,2020-01-14 19:05:00
"877",-1109,"RLA496845S",0.907,7.75075,-0.903835,2020-01-14 19:05:00
"878",-1213,"RLA496845S",0.907,7.7585625,-0.988595,2020-01-14 19:05:00
"879",-1309,"RLA496845S",0.907,7.766375,-1.066835,2020-01-14 19:05:00
"880",-1146,"RLA496845S",0.907,7.7741875,-0.93399,2020-01-14 19:05:00
"881",-793,"RLA496845S",0.907,7.782,-0.646295,2020-01-14 19:05:00
"882",-429,"RLA496845S",0.907,7.7898125,-0.349635,2020-01-14 19:05:00
"883",-256,"RLA496845S",0.907,7.797625,-0.20864,2020-01-14 19:05:00
"884",-238,"RLA496845S",0.907,7.8054375,-0.19397,2020-01-14 19:05:00
"885",-213,"RLA496845S",0.907,7.81325,-0.173595,2020-01-14 19:05:00
"886",-198,"RLA496845S",0.907,7.8210625,-0.16137,2020-01-14 19:05:00
"887",-198,"RLA496845S",0.907,7.828875,-0.16137,2020-01-14 19:05:00
"888",-196,"RLA496845S",0.907,7.8366875,-0.15974,2020-01-14 19:05:00
"889",-209,"RLA496845S",0.907,7.8445,-0.170335,2020-01-14 19:05:00
"890",-215,"RLA496845S",0.907,7.8523125,-0.175225,2020-01-14 19:05:00
"891",-230,"RLA496845S",0.907,7.860125,-0.18745,2020-01-14 19:05:00
"892",-242,"RLA496845S",0.907,7.8679375,-0.19723,2020-01-14 19:05:00
"893",-244,"RLA496845S",0.907,7.87575,-0.19886,2020-01-14 19:05:00
"894",-254,"RLA496845S",0.907,7.8835625,-0.20701,2020-01-14 19:05:00
"895",-259,"RLA496845S",0.907,7.891375,-0.211085,2020-01-14 19:05:00
"896",-267,"RLA496845S",0.907,7.8991875,-0.217605,2020-01-14 19:05:00
"897",-272,"RLA496845S",0.907,7.907,-0.22168,2020-01-14 19:05:00
"898",-273,"RLA496845S",0.907,7.9148125,-0.222495,2020-01-14 19:05:00
"899",-277,"RLA496845S",0.907,7.922625,-0.225755,2020-01-14 19:05:00
"900",-275,"RLA496845S",0.907,7.9304375,-0.224125,2020-01-14 19:05:00
"901",-274,"RLA496845S",0.907,7.93825,-0.22331,2020-01-14 19:05:00
"902",-275,"RLA496845S",0.907,7.9460625,-0.224125,2020-01-14 19:05:00
"903",-274,"RLA496845S",0.907,7.953875,-0.22331,2020-01-14 19:05:00
"904",-274,"RLA496845S",0.907,7.9616875,-0.22331,2020-01-14 19:05:00
"905",-275,"RLA496845S",0.907,7.9695,-0.224125,2020-01-14 19:05:00
"906",-275,"RLA496845S",0.907,7.9773125,-0.224125,2020-01-14 19:05:00
"907",-277,"RLA496845S",0.907,7.985125,-0.225755,2020-01-14 19:05:00
"908",-280,"RLA496845S",0.907,7.9929375,-0.2282,2020-01-14 19:05:00
"909",-282,"RLA496845S",0.907,8.00075,-0.22983,2020-01-14 19:05:00
"910",-283,"RLA496845S",0.907,8.0085625,-0.230645,2020-01-14 19:05:00
"911",-286,"RLA496845S",0.907,8.016375,-0.23309,2020-01-14 19:05:00
"912",-291,"RLA496845S",0.907,8.0241875,-0.237165,2020-01-14 19:05:00
"913",-295,"RLA496845S",0.907,8.032,-0.240425,2020-01-14 19:05:00
"914",-296,"RLA496845S",0.907,8.0398125,-0.24124,2020-01-14 19:05:00
"915",-296,"RLA496845S",0.907,8.047625,-0.24124,2020-01-14 19:05:00
"916",-300,"RLA496845S",0.907,8.0554375,-0.2445,2020-01-14 19:05:00
"917",-304,"RLA496845S",0.907,8.06325,-0.24776,2020-01-14 19:05:00
"918",-312,"RLA496845S",0.907,8.0710625,-0.25428,2020-01-14 19:05:00
"919",-323,"RLA496845S",0.907,8.078875,-0.263245,2020-01-14 19:05:00
"920",-329,"RLA496845S",0.907,8.0866875,-0.268135,2020-01-14 19:05:00
"921",-323,"RLA496845S",0.907,8.0945,-0.263245,2020-01-14 19:05:00
"922",-322,"RLA496845S",0.907,8.1023125,-0.26243,2020-01-14 19:05:00
"923",-340,"RLA496845S",0.907,8.110125,-0.2771,2020-01-14 19:05:00
"924",-358,"RLA496845S",0.907,8.1179375,-0.29177,2020-01-14 19:05:00
"925",-358,"RLA496845S",0.907,8.12575,-0.29177,2020-01-14 19:05:00
"926",-337,"RLA496845S",0.907,8.1335625,-0.274655,2020-01-14 19:05:00
"927",-322,"RLA496845S",0.907,8.141375,-0.26243,2020-01-14 19:05:00
"928",-319,"RLA496845S",0.907,8.1491875,-0.259985,2020-01-14 19:05:00
"929",-317,"RLA496845S",0.907,8.157,-0.258355,2020-01-14 19:05:00
"930",-313,"RLA496845S",0.907,8.1648125,-0.255095,2020-01-14 19:05:00
"931",-310,"RLA496845S",0.907,8.172625,-0.25265,2020-01-14 19:05:00
"932",-311,"RLA496845S",0.907,8.1804375,-0.253465,2020-01-14 19:05:00
"933",-311,"RLA496845S",0.907,8.18825,-0.253465,2020-01-14 19:05:00
"934",-313,"RLA496845S",0.907,8.1960625,-0.255095,2020-01-14 19:05:00
"935",-318,"RLA496845S",0.907,8.203875,-0.25917,2020-01-14 19:05:00
"936",-320,"RLA496845S",0.907,8.2116875,-0.2608,2020-01-14 19:05:00
"937",-303,"RLA496845S",0.907,8.2195,-0.246945,2020-01-14 19:05:00
"938",-346,"RLA496845S",0.907,8.2273125,-0.28199,2020-01-14 19:05:00
"939",-774,"RLA496845S",0.907,8.235125,-0.63081,2020-01-14 19:05:00
"940",-1727,"RLA496845S",0.907,8.2429375,-1.407505,2020-01-14 19:05:00
"941",-2137,"RLA496845S",0.907,8.25075,-1.741655,2020-01-14 19:05:00
"942",-859,"RLA496845S",0.907,8.2585625,-0.700085,2020-01-14 19:05:00
"943",471,"RLA496845S",0.907,8.266375,0.383865,2020-01-14 19:05:00
"944",77,"RLA496845S",0.907,8.2741875,0.062755,2020-01-14 19:05:00
"945",-416,"RLA496845S",0.907,8.282,-0.33904,2020-01-14 19:05:00
"946",-396,"RLA496845S",0.907,8.2898125,-0.32274,2020-01-14 19:05:00
"947",-360,"RLA496845S",0.907,8.297625,-0.2934,2020-01-14 19:05:00
"948",-442,"RLA496845S",0.907,8.3054375,-0.36023,2020-01-14 19:05:00
"949",-427,"RLA496845S",0.907,8.31325,-0.348005,2020-01-14 19:05:00
"950",-419,"RLA496845S",0.907,8.3210625,-0.341485,2020-01-14 19:05:00
"951",-496,"RLA496845S",0.907,8.328875,-0.40424,2020-01-14 19:05:00
"952",-488,"RLA496845S",0.907,8.3366875,-0.39772,2020-01-14 19:05:00
"953",-525,"RLA496845S",0.907,8.3445,-0.427875,2020-01-14 19:05:00
"954",-568,"RLA496845S",0.907,8.3523125,-0.46292,2020-01-14 19:05:00
"955",-621,"RLA496845S",0.907,8.360125,-0.506115,2020-01-14 19:05:00
"956",-666,"RLA496845S",0.907,8.3679375,-0.54279,2020-01-14 19:05:00
"957",-705,"RLA496845S",0.907,8.37575,-0.574575,2020-01-14 19:05:00
"958",-795,"RLA496845S",0.907,8.3835625,-0.647925,2020-01-14 19:05:00
"959",-832,"RLA496845S",0.907,8.391375,-0.67808,2020-01-14 19:05:00
"960",-939,"RLA496845S",0.907,8.3991875,-0.765285,2020-01-14 19:05:00
"961",-1040,"RLA496845S",0.907,8.407,-0.8476,2020-01-14 19:05:00
"962",-1120,"RLA496845S",0.907,8.4148125,-0.9128,2020-01-14 19:05:00
"963",-1254,"RLA496845S",0.907,8.422625,-1.02201,2020-01-14 19:05:00
"964",-1274,"RLA496845S",0.907,8.4304375,-1.03831,2020-01-14 19:05:00
"965",-972,"RLA496845S",0.907,8.43825,-0.79218,2020-01-14 19:05:00
"966",-549,"RLA496845S",0.907,8.4460625,-0.447435,2020-01-14 19:05:00
"967",-290,"RLA496845S",0.907,8.453875,-0.23635,2020-01-14 19:05:00
"968",-222,"RLA496845S",0.907,8.4616875,-0.18093,2020-01-14 19:05:00
"969",-206,"RLA496845S",0.907,8.4695,-0.16789,2020-01-14 19:05:00
"970",-200,"RLA496845S",0.907,8.4773125,-0.163,2020-01-14 19:05:00
"971",-211,"RLA496845S",0.907,8.485125,-0.171965,2020-01-14 19:05:00
"972",-200,"RLA496845S",0.907,8.4929375,-0.163,2020-01-14 19:05:00
"973",-200,"RLA496845S",0.907,8.50075,-0.163,2020-01-14 19:05:00
"974",-213,"RLA496845S",0.907,8.5085625,-0.173595,2020-01-14 19:05:00
"975",-216,"RLA496845S",0.907,8.516375,-0.17604,2020-01-14 19:05:00
"976",-230,"RLA496845S",0.907,8.5241875,-0.18745,2020-01-14 19:05:00
"977",-238,"RLA496845S",0.907,8.532,-0.19397,2020-01-14 19:05:00
"978",-251,"RLA496845S",0.907,8.5398125,-0.204565,2020-01-14 19:05:00
"979",-260,"RLA496845S",0.907,8.547625,-0.2119,2020-01-14 19:05:00
"980",-256,"RLA496845S",0.907,8.5554375,-0.20864,2020-01-14 19:05:00
"981",-262,"RLA496845S",0.907,8.56325,-0.21353,2020-01-14 19:05:00
"982",-268,"RLA496845S",0.907,8.5710625,-0.21842,2020-01-14 19:05:00
"983",-270,"RLA496845S",0.907,8.578875,-0.22005,2020-01-14 19:05:00
"984",-273,"RLA496845S",0.907,8.5866875,-0.222495,2020-01-14 19:05:00
"985",-270,"RLA496845S",0.907,8.5945,-0.22005,2020-01-14 19:05:00
"986",-267,"RLA496845S",0.907,8.6023125,-0.217605,2020-01-14 19:05:00
"987",-265,"RLA496845S",0.907,8.610125,-0.215975,2020-01-14 19:05:00
"988",-267,"RLA496845S",0.907,8.6179375,-0.217605,2020-01-14 19:05:00
"989",-270,"RLA496845S",0.907,8.62575,-0.22005,2020-01-14 19:05:00
"990",-270,"RLA496845S",0.907,8.6335625,-0.22005,2020-01-14 19:05:00
"991",-272,"RLA496845S",0.907,8.641375,-0.22168,2020-01-14 19:05:00
"992",-277,"RLA496845S",0.907,8.6491875,-0.225755,2020-01-14 19:05:00
"993",-281,"RLA496845S",0.907,8.657,-0.229015,2020-01-14 19:05:00
"994",-282,"RLA496845S",0.907,8.6648125,-0.22983,2020-01-14 19:05:00
"995",-281,"RLA496845S",0.907,8.672625,-0.229015,2020-01-14 19:05:00
"996",-284,"RLA496845S",0.907,8.6804375,-0.23146,2020-01-14 19:05:00
"997",-286,"RLA496845S",0.907,8.68825,-0.23309,2020-01-14 19:05:00
"998",-288,"RLA496845S",0.907,8.6960625,-0.23472,2020-01-14 19:05:00
"999",-294,"RLA496845S",0.907,8.703875,-0.23961,2020-01-14 19:05:00
"1000",-299,"RLA496845S",0.907,8.7116875,-0.243685,2020-01-14 19:05:00
"1001",-299,"RLA496845S",0.907,8.7195,-0.243685,2020-01-14 19:05:00
"1002",-301,"RLA496845S",0.907,8.7273125,-0.245315,2020-01-14 19:05:00
"1003",-305,"RLA496845S",0.907,8.735125,-0.248575,2020-01-14 19:05:00
"1004",-309,"RLA496845S",0.907,8.7429375,-0.251835,2020-01-14 19:05:00
"1005",-308,"RLA496845S",0.907,8.75075,-0.25102,2020-01-14 19:05:00
"1006",-310,"RLA496845S",0.907,8.7585625,-0.25265,2020-01-14 19:05:00
"1007",-315,"RLA496845S",0.907,8.766375,-0.256725,2020-01-14 19:05:00
"1008",-317,"RLA496845S",0.907,8.7741875,-0.258355,2020-01-14 19:05:00
"1009",-318,"RLA496845S",0.907,8.782,-0.25917,2020-01-14 19:05:00
"1010",-321,"RLA496845S",0.907,8.7898125,-0.261615,2020-01-14 19:05:00
"1011",-322,"RLA496845S",0.907,8.797625,-0.26243,2020-01-14 19:05:00
"1012",-324,"RLA496845S",0.907,8.8054375,-0.26406,2020-01-14 19:05:00
"1013",-330,"RLA496845S",0.907,8.81325,-0.26895,2020-01-14 19:05:00
"1014",-333,"RLA496845S",0.907,8.8210625,-0.271395,2020-01-14 19:05:00
"1015",-333,"RLA496845S",0.907,8.828875,-0.271395,2020-01-14 19:05:00
"1016",-335,"RLA496845S",0.907,8.8366875,-0.273025,2020-01-14 19:05:00
"1017",-338,"RLA496845S",0.907,8.8445,-0.27547,2020-01-14 19:05:00
"1018",-338,"RLA496845S",0.907,8.8523125,-0.27547,2020-01-14 19:05:00
"1019",-338,"RLA496845S",0.907,8.860125,-0.27547,2020-01-14 19:05:00
"1020",-341,"RLA496845S",0.907,8.8679375,-0.277915,2020-01-14 19:05:00
"1021",-344,"RLA496845S",0.907,8.87575,-0.28036,2020-01-14 19:05:00
"1022",-347,"RLA496845S",0.907,8.8835625,-0.282805,2020-01-14 19:05:00
"1023",-352,"RLA496845S",0.907,8.891375,-0.28688,2020-01-14 19:05:00
"1024",-357,"RLA496845S",0.907,8.8991875,-0.290955,2020-01-14 19:05:00
"1025",-356,"RLA496845S",0.907,8.907,-0.29014,2020-01-14 19:05:00
"1026",-355,"RLA496845S",0.907,8.9148125,-0.289325,2020-01-14 19:05:00
"1027",-357,"RLA496845S",0.907,8.922625,-0.290955,2020-01-14 19:05:00
"1028",-359,"RLA496845S",0.907,8.9304375,-0.292585,2020-01-14 19:05:00
"1029",-358,"RLA496845S",0.907,8.93825,-0.29177,2020-01-14 19:05:00
"1030",-359,"RLA496845S",0.907,8.9460625,-0.292585,2020-01-14 19:05:00
"1031",-361,"RLA496845S",0.907,8.953875,-0.294215,2020-01-14 19:05:00
"1032",-363,"RLA496845S",0.907,8.9616875,-0.295845,2020-01-14 19:05:00
"1033",-363,"RLA496845S",0.907,8.9695,-0.295845,2020-01-14 19:05:00
"1034",-365,"RLA496845S",0.907,8.9773125,-0.297475,2020-01-14 19:05:00
"1035",-369,"RLA496845S",0.907,8.985125,-0.300735,2020-01-14 19:05:00
"1036",-371,"RLA496845S",0.907,8.9929375,-0.302365,2020-01-14 19:05:00
"1037",-372,"RLA496845S",0.907,9.00075,-0.30318,2020-01-14 19:05:00
"1038",-373,"RLA496845S",0.907,9.0085625,-0.303995,2020-01-14 19:05:00
"1039",-373,"RLA496845S",0.907,9.016375,-0.303995,2020-01-14 19:05:00
"1040",-374,"RLA496845S",0.907,9.0241875,-0.30481,2020-01-14 19:05:00
"1041",-375,"RLA496845S",0.907,9.032,-0.305625,2020-01-14 19:05:00
"1042",-378,"RLA496845S",0.907,9.0398125,-0.30807,2020-01-14 19:05:00
"1043",-377,"RLA496845S",0.907,9.047625,-0.307255,2020-01-14 19:05:00
"1044",-376,"RLA496845S",0.907,9.0554375,-0.30644,2020-01-14 19:05:00
"1045",-380,"RLA496845S",0.907,9.06325,-0.3097,2020-01-14 19:05:00
"1046",-383,"RLA496845S",0.907,9.0710625,-0.312145,2020-01-14 19:05:00
"1047",-381,"RLA496845S",0.907,9.078875,-0.310515,2020-01-14 19:05:00
"1048",-379,"RLA496845S",0.907,9.0866875,-0.308885,2020-01-14 19:05:00
"1049",-383,"RLA496845S",0.907,9.0945,-0.312145,2020-01-14 19:05:00
"1050",-386,"RLA496845S",0.907,9.1023125,-0.31459,2020-01-14 19:05:00
"1051",-386,"RLA496845S",0.907,9.110125,-0.31459,2020-01-14 19:05:00
"1052",-387,"RLA496845S",0.907,9.1179375,-0.315405,2020-01-14 19:05:00
"1053",-389,"RLA496845S",0.907,9.12575,-0.317035,2020-01-14 19:05:00
"1054",-389,"RLA496845S",0.907,9.1335625,-0.317035,2020-01-14 19:05:00
"1055",-388,"RLA496845S",0.907,9.141375,-0.31622,2020-01-14 19:05:00
"1056",-392,"RLA496845S",0.907,9.1491875,-0.31948,2020-01-14 19:05:00
"1057",-391,"RLA496845S",0.907,9.157,-0.318665,2020-01-14 19:05:00
"1058",-389,"RLA496845S",0.907,9.1648125,-0.317035,2020-01-14 19:05:00
"1059",-391,"RLA496845S",0.907,9.172625,-0.318665,2020-01-14 19:05:00
"1060",-395,"RLA496845S",0.907,9.1804375,-0.321925,2020-01-14 19:05:00
"1061",-396,"RLA496845S",0.907,9.18825,-0.32274,2020-01-14 19:05:00
"1062",-396,"RLA496845S",0.907,9.1960625,-0.32274,2020-01-14 19:05:00
"1063",-399,"RLA496845S",0.907,9.203875,-0.325185,2020-01-14 19:05:00
"1064",-397,"RLA496845S",0.907,9.2116875,-0.323555,2020-01-14 19:05:00
"1065",-395,"RLA496845S",0.907,9.2195,-0.321925,2020-01-14 19:05:00
"1066",-398,"RLA496845S",0.907,9.2273125,-0.32437,2020-01-14 19:05:00
"1067",-402,"RLA496845S",0.907,9.235125,-0.32763,2020-01-14 19:05:00
"1068",-401,"RLA496845S",0.907,9.2429375,-0.326815,2020-01-14 19:05:00
"1069",-399,"RLA496845S",0.907,9.25075,-0.325185,2020-01-14 19:05:00
"1070",-401,"RLA496845S",0.907,9.2585625,-0.326815,2020-01-14 19:05:00
"1071",-406,"RLA496845S",0.907,9.266375,-0.33089,2020-01-14 19:05:00
"1072",-415,"RLA496845S",0.907,9.2741875,-0.338225,2020-01-14 19:05:00
"1073",-417,"RLA496845S",0.907,9.282,-0.339855,2020-01-14 19:05:00
"1074",-413,"RLA496845S",0.907,9.2898125,-0.336595,2020-01-14 19:05:00
"1075",-414,"RLA496845S",0.907,9.297625,-0.33741,2020-01-14 19:05:00
"1076",-424,"RLA496845S",0.907,9.3054375,-0.34556,2020-01-14 19:05:00
"1077",-428,"RLA496845S",0.907,9.31325,-0.34882,2020-01-14 19:05:00
"1078",-429,"RLA496845S",0.907,9.3210625,-0.349635,2020-01-14 19:05:00
"1079",-418,"RLA496845S",0.907,9.328875,-0.34067,2020-01-14 19:05:00
"1080",-396,"RLA496845S",0.907,9.3366875,-0.32274,2020-01-14 19:05:00
"1081",-394,"RLA496845S",0.907,9.3445,-0.32111,2020-01-14 19:05:00
"1082",-394,"RLA496845S",0.907,9.3523125,-0.32111,2020-01-14 19:05:00
"1083",-390,"RLA496845S",0.907,9.360125,-0.31785,2020-01-14 19:05:00
"1084",-386,"RLA496845S",0.907,9.3679375,-0.31459,2020-01-14 19:05:00
"1085",-385,"RLA496845S",0.907,9.37575,-0.313775,2020-01-14 19:05:00
"1086",-384,"RLA496845S",0.907,9.3835625,-0.31296,2020-01-14 19:05:00
"1087",-384,"RLA496845S",0.907,9.391375,-0.31296,2020-01-14 19:05:00
"1088",-384,"RLA496845S",0.907,9.3991875,-0.31296,2020-01-14 19:05:00
"1089",-386,"RLA496845S",0.907,9.407,-0.31459,2020-01-14 19:05:00
"1090",-344,"RLA496845S",0.907,9.4148125,-0.28036,2020-01-14 19:05:00
"1091",-463,"RLA496845S",0.907,9.422625,-0.377345,2020-01-14 19:05:00
"1092",-1185,"RLA496845S",0.907,9.4304375,-0.965775,2020-01-14 19:05:00
"1093",-2144,"RLA496845S",0.907,9.43825,-1.74736,2020-01-14 19:05:00
"1094",-1974,"RLA496845S",0.907,9.4460625,-1.60881,2020-01-14 19:05:00
"1095",-335,"RLA496845S",0.907,9.453875,-0.273025,2020-01-14 19:05:00
"1096",381,"RLA496845S",0.907,9.4616875,0.310515,2020-01-14 19:05:00
"1097",-339,"RLA496845S",0.907,9.4695,-0.276285,2020-01-14 19:05:00
"1098",-457,"RLA496845S",0.907,9.4773125,-0.372455,2020-01-14 19:05:00
"1099",-370,"RLA496845S",0.907,9.485125,-0.30155,2020-01-14 19:05:00
"1100",-454,"RLA496845S",0.907,9.4929375,-0.37001,2020-01-14 19:05:00
"1101",-469,"RLA496845S",0.907,9.50075,-0.382235,2020-01-14 19:05:00
"1102",-459,"RLA496845S",0.907,9.5085625,-0.374085,2020-01-14 19:05:00
"1103",-523,"RLA496845S",0.907,9.516375,-0.426245,2020-01-14 19:05:00
"1104",-519,"RLA496845S",0.907,9.5241875,-0.422985,2020-01-14 19:05:00
"1105",-581,"RLA496845S",0.907,9.532,-0.473515,2020-01-14 19:05:00
"1106",-580,"RLA496845S",0.907,9.5398125,-0.4727,2020-01-14 19:05:00
"1107",-538,"RLA496845S",0.907,9.547625,-0.43847,2020-01-14 19:05:00
"1108",-646,"RLA496845S",0.907,9.5554375,-0.52649,2020-01-14 19:05:00
"1109",-712,"RLA496845S",0.907,9.56325,-0.58028,2020-01-14 19:05:00
"1110",-769,"RLA496845S",0.907,9.5710625,-0.626735,2020-01-14 19:05:00
"1111",-840,"RLA496845S",0.907,9.578875,-0.6846,2020-01-14 19:05:00
"1112",-925,"RLA496845S",0.907,9.5866875,-0.753875,2020-01-14 19:05:00
"1113",-1020,"RLA496845S",0.907,9.5945,-0.8313,2020-01-14 19:05:00
"1114",-1094,"RLA496845S",0.907,9.6023125,-0.89161,2020-01-14 19:05:00
"1115",-1206,"RLA496845S",0.907,9.610125,-0.98289,2020-01-14 19:05:00
"1116",-1303,"RLA496845S",0.907,9.6179375,-1.061945,2020-01-14 19:05:00
"1117",-1200,"RLA496845S",0.907,9.62575,-0.978,2020-01-14 19:05:00
"1118",-860,"RLA496845S",0.907,9.6335625,-0.7009,2020-01-14 19:05:00
"1119",-486,"RLA496845S",0.907,9.641375,-0.39609,2020-01-14 19:05:00
"1120",-286,"RLA496845S",0.907,9.6491875,-0.23309,2020-01-14 19:05:00
"1121",-252,"RLA496845S",0.907,9.657,-0.20538,2020-01-14 19:05:00
"1122",-225,"RLA496845S",0.907,9.6648125,-0.183375,2020-01-14 19:05:00
"1123",-231,"RLA496845S",0.907,9.672625,-0.188265,2020-01-14 19:05:00
"1124",-231,"RLA496845S",0.907,9.6804375,-0.188265,2020-01-14 19:05:00
"1125",-228,"RLA496845S",0.907,9.68825,-0.18582,2020-01-14 19:05:00
"1126",-238,"RLA496845S",0.907,9.6960625,-0.19397,2020-01-14 19:05:00
"1127",-242,"RLA496845S",0.907,9.703875,-0.19723,2020-01-14 19:05:00
"1128",-245,"RLA496845S",0.907,9.7116875,-0.199675,2020-01-14 19:05:00
"1129",-256,"RLA496845S",0.907,9.7195,-0.20864,2020-01-14 19:05:00
"1130",-263,"RLA496845S",0.907,9.7273125,-0.214345,2020-01-14 19:05:00
"1131",-271,"RLA496845S",0.907,9.735125,-0.220865,2020-01-14 19:05:00
"1132",-281,"RLA496845S",0.907,9.7429375,-0.229015,2020-01-14 19:05:00
"1133",-288,"RLA496845S",0.907,9.75075,-0.23472,2020-01-14 19:05:00
"1134",-288,"RLA496845S",0.907,9.7585625,-0.23472,2020-01-14 19:05:00
"1135",-289,"RLA496845S",0.907,9.766375,-0.235535,2020-01-14 19:05:00
"1136",-296,"RLA496845S",0.907,9.7741875,-0.24124,2020-01-14 19:05:00
"1137",-292,"RLA496845S",0.907,9.782,-0.23798,2020-01-14 19:05:00
"1138",-292,"RLA496845S",0.907,9.7898125,-0.23798,2020-01-14 19:05:00
"1139",-295,"RLA496845S",0.907,9.797625,-0.240425,2020-01-14 19:05:00
"1140",-293,"RLA496845S",0.907,9.8054375,-0.238795,2020-01-14 19:05:00
"1141",-292,"RLA496845S",0.907,9.81325,-0.23798,2020-01-14 19:05:00
"1142",-291,"RLA496845S",0.907,9.8210625,-0.237165,2020-01-14 19:05:00
"1143",-293,"RLA496845S",0.907,9.828875,-0.238795,2020-01-14 19:05:00
"1144",-296,"RLA496845S",0.907,9.8366875,-0.24124,2020-01-14 19:05:00
"1145",-293,"RLA496845S",0.907,9.8445,-0.238795,2020-01-14 19:05:00
"1146",-294,"RLA496845S",0.907,9.8523125,-0.23961,2020-01-14 19:05:00
"1147",-299,"RLA496845S",0.907,9.860125,-0.243685,2020-01-14 19:05:00
"1148",-301,"RLA496845S",0.907,9.8679375,-0.245315,2020-01-14 19:05:00
"1149",-301,"RLA496845S",0.907,9.87575,-0.245315,2020-01-14 19:05:00
"1150",-305,"RLA496845S",0.907,9.8835625,-0.248575,2020-01-14 19:05:00
"1151",-309,"RLA496845S",0.907,9.891375,-0.251835,2020-01-14 19:05:00
"1152",-311,"RLA496845S",0.907,9.8991875,-0.253465,2020-01-14 19:05:00
"1153",-313,"RLA496845S",0.907,9.907,-0.255095,2020-01-14 19:05:00
"1154",-315,"RLA496845S",0.907,9.9148125,-0.256725,2020-01-14 19:05:00
"1155",-315,"RLA496845S",0.907,9.922625,-0.256725,2020-01-14 19:05:00
"1156",-319,"RLA496845S",0.907,9.9304375,-0.259985,2020-01-14 19:05:00
"1157",-322,"RLA496845S",0.907,9.93825,-0.26243,2020-01-14 19:05:00
"1158",-322,"RLA496845S",0.907,9.9460625,-0.26243,2020-01-14 19:05:00
"1159",-327,"RLA496845S",0.907,9.953875,-0.266505,2020-01-14 19:05:00
"1160",-331,"RLA496845S",0.907,9.9616875,-0.269765,2020-01-14 19:05:00
"1161",-332,"RLA496845S",0.907,9.9695,-0.27058,2020-01-14 19:05:00
"1162",-332,"RLA496845S",0.907,9.9773125,-0.27058,2020-01-14 19:05:00
"1163",-333,"RLA496845S",0.907,9.985125,-0.271395,2020-01-14 19:05:00
"1164",-338,"RLA496845S",0.907,9.9929375,-0.27547,2020-01-14 19:05:00
"1165",-340,"RLA496845S",0.907,10.00075,-0.2771,2020-01-14 19:05:00
"1166",-341,"RLA496845S",0.907,10.0085625,-0.277915,2020-01-14 19:05:00
"1167",-344,"RLA496845S",0.907,10.016375,-0.28036,2020-01-14 19:05:00
"1168",-345,"RLA496845S",0.907,10.0241875,-0.281175,2020-01-14 19:05:00
"1169",-346,"RLA496845S",0.907,10.032,-0.28199,2020-01-14 19:05:00
"1170",-351,"RLA496845S",0.907,10.0398125,-0.286065,2020-01-14 19:05:00
"1171",-355,"RLA496845S",0.907,10.047625,-0.289325,2020-01-14 19:05:00
"1172",-354,"RLA496845S",0.907,10.0554375,-0.28851,2020-01-14 19:05:00
"1173",-354,"RLA496845S",0.907,10.06325,-0.28851,2020-01-14 19:05:00
"1174",-356,"RLA496845S",0.907,10.0710625,-0.29014,2020-01-14 19:05:00
"1175",-356,"RLA496845S",0.907,10.078875,-0.29014,2020-01-14 19:05:00
"1176",-359,"RLA496845S",0.907,10.0866875,-0.292585,2020-01-14 19:05:00
"1177",-363,"RLA496845S",0.907,10.0945,-0.295845,2020-01-14 19:05:00
"1178",-366,"RLA496845S",0.907,10.1023125,-0.29829,2020-01-14 19:05:00
"1179",-366,"RLA496845S",0.907,10.110125,-0.29829,2020-01-14 19:05:00
"1180",-367,"RLA496845S",0.907,10.1179375,-0.299105,2020-01-14 19:05:00
"1181",-371,"RLA496845S",0.907,10.12575,-0.302365,2020-01-14 19:05:00
"1182",-373,"RLA496845S",0.907,10.1335625,-0.303995,2020-01-14 19:05:00
"1183",-371,"RLA496845S",0.907,10.141375,-0.302365,2020-01-14 19:05:00
"1184",-370,"RLA496845S",0.907,10.1491875,-0.30155,2020-01-14 19:05:00
"1185",-371,"RLA496845S",0.907,10.157,-0.302365,2020-01-14 19:05:00
"1186",-374,"RLA496845S",0.907,10.1648125,-0.30481,2020-01-14 19:05:00
"1187",-377,"RLA496845S",0.907,10.172625,-0.307255,2020-01-14 19:05:00
"1188",-378,"RLA496845S",0.907,10.1804375,-0.30807,2020-01-14 19:05:00
"1189",-378,"RLA496845S",0.907,10.18825,-0.30807,2020-01-14 19:05:00
"1190",-380,"RLA496845S",0.907,10.1960625,-0.3097,2020-01-14 19:05:00
"1191",-383,"RLA496845S",0.907,10.203875,-0.312145,2020-01-14 19:05:00
"1192",-384,"RLA496845S",0.907,10.2116875,-0.31296,2020-01-14 19:05:00
"1193",-385,"RLA496845S",0.907,10.2195,-0.313775,2020-01-14 19:05:00
"1194",-384,"RLA496845S",0.907,10.2273125,-0.31296,2020-01-14 19:05:00
"1195",-386,"RLA496845S",0.907,10.235125,-0.31459,2020-01-14 19:05:00
"1196",-389,"RLA496845S",0.907,10.2429375,-0.317035,2020-01-14 19:05:00
"1197",-388,"RLA496845S",0.907,10.25075,-0.31622,2020-01-14 19:05:00
"1198",-387,"RLA496845S",0.907,10.2585625,-0.315405,2020-01-14 19:05:00
"1199",-388,"RLA496845S",0.907,10.266375,-0.31622,2020-01-14 19:05:00
"1200",-390,"RLA496845S",0.907,10.2741875,-0.31785,2020-01-14 19:05:00
"1201",-391,"RLA496845S",0.907,10.282,-0.318665,2020-01-14 19:05:00
"1202",-390,"RLA496845S",0.907,10.2898125,-0.31785,2020-01-14 19:05:00
"1203",-391,"RLA496845S",0.907,10.297625,-0.318665,2020-01-14 19:05:00
"1204",-394,"RLA496845S",0.907,10.3054375,-0.32111,2020-01-14 19:05:00
"1205",-396,"RLA496845S",0.907,10.31325,-0.32274,2020-01-14 19:05:00
"1206",-397,"RLA496845S",0.907,10.3210625,-0.323555,2020-01-14 19:05:00
"1207",-396,"RLA496845S",0.907,10.328875,-0.32274,2020-01-14 19:05:00
"1208",-394,"RLA496845S",0.907,10.3366875,-0.32111,2020-01-14 19:05:00
"1209",-395,"RLA496845S",0.907,10.3445,-0.321925,2020-01-14 19:05:00
"1210",-398,"RLA496845S",0.907,10.3523125,-0.32437,2020-01-14 19:05:00
"1211",-401,"RLA496845S",0.907,10.360125,-0.326815,2020-01-14 19:05:00
"1212",-402,"RLA496845S",0.907,10.3679375,-0.32763,2020-01-14 19:05:00
"1213",-402,"RLA496845S",0.907,10.37575,-0.32763,2020-01-14 19:05:00
"1214",-404,"RLA496845S",0.907,10.3835625,-0.32926,2020-01-14 19:05:00
"1215",-403,"RLA496845S",0.907,10.391375,-0.328445,2020-01-14 19:05:00
"1216",-401,"RLA496845S",0.907,10.3991875,-0.326815,2020-01-14 19:05:00
"1217",-406,"RLA496845S",0.907,10.407,-0.33089,2020-01-14 19:05:00
"1218",-407,"RLA496845S",0.907,10.4148125,-0.331705,2020-01-14 19:05:00
"1219",-405,"RLA496845S",0.907,10.422625,-0.330075,2020-01-14 19:05:00
"1220",-405,"RLA496845S",0.907,10.4304375,-0.330075,2020-01-14 19:05:00
"1221",-408,"RLA496845S",0.907,10.43825,-0.33252,2020-01-14 19:05:00
"1222",-408,"RLA496845S",0.907,10.4460625,-0.33252,2020-01-14 19:05:00
"1223",-408,"RLA496845S",0.907,10.453875,-0.33252,2020-01-14 19:05:00
"1224",-412,"RLA496845S",0.907,10.4616875,-0.33578,2020-01-14 19:05:00
"1225",-412,"RLA496845S",0.907,10.4695,-0.33578,2020-01-14 19:05:00
"1226",-411,"RLA496845S",0.907,10.4773125,-0.334965,2020-01-14 19:05:00
"1227",-411,"RLA496845S",0.907,10.485125,-0.334965,2020-01-14 19:05:00
"1228",-411,"RLA496845S",0.907,10.4929375,-0.334965,2020-01-14 19:05:00
"1229",-412,"RLA496845S",0.907,10.50075,-0.33578,2020-01-14 19:05:00
"1230",-411,"RLA496845S",0.907,10.5085625,-0.334965,2020-01-14 19:05:00
"1231",-412,"RLA496845S",0.907,10.516375,-0.33578,2020-01-14 19:05:00
"1232",-415,"RLA496845S",0.907,10.5241875,-0.338225,2020-01-14 19:05:00
"1233",-415,"RLA496845S",0.907,10.532,-0.338225,2020-01-14 19:05:00
"1234",-414,"RLA496845S",0.907,10.5398125,-0.33741,2020-01-14 19:05:00
"1235",-415,"RLA496845S",0.907,10.547625,-0.338225,2020-01-14 19:05:00
"1236",-416,"RLA496845S",0.907,10.5554375,-0.33904,2020-01-14 19:05:00
"1237",-415,"RLA496845S",0.907,10.56325,-0.338225,2020-01-14 19:05:00
"1238",-415,"RLA496845S",0.907,10.5710625,-0.338225,2020-01-14 19:05:00
"1239",-415,"RLA496845S",0.907,10.578875,-0.338225,2020-01-14 19:05:00
"1240",-414,"RLA496845S",0.907,10.5866875,-0.33741,2020-01-14 19:05:00
"1241",-417,"RLA496845S",0.907,10.5945,-0.339855,2020-01-14 19:05:00
"1242",-419,"RLA496845S",0.907,10.6023125,-0.341485,2020-01-14 19:05:00
"1243",-420,"RLA496845S",0.907,10.610125,-0.3423,2020-01-14 19:05:00
"1244",-418,"RLA496845S",0.907,10.6179375,-0.34067,2020-01-14 19:05:00
"1245",-417,"RLA496845S",0.907,10.62575,-0.339855,2020-01-14 19:05:00
"1246",-418,"RLA496845S",0.907,10.6335625,-0.34067,2020-01-14 19:05:00
"1247",-418,"RLA496845S",0.907,10.641375,-0.34067,2020-01-14 19:05:00
"1248",-417,"RLA496845S",0.907,10.6491875,-0.339855,2020-01-14 19:05:00
"1249",-417,"RLA496845S",0.907,10.657,-0.339855,2020-01-14 19:05:00
"1250",-419,"RLA496845S",0.907,10.6648125,-0.341485,2020-01-14 19:05:00
"1251",-420,"RLA496845S",0.907,10.672625,-0.3423,2020-01-14 19:05:00
"1252",-421,"RLA496845S",0.907,10.6804375,-0.343115,2020-01-14 19:05:00
"1253",-422,"RLA496845S",0.907,10.68825,-0.34393,2020-01-14 19:05:00
"1254",-420,"RLA496845S",0.907,10.6960625,-0.3423,2020-01-14 19:05:00
"1255",-419,"RLA496845S",0.907,10.703875,-0.341485,2020-01-14 19:05:00
"1256",-418,"RLA496845S",0.907,10.7116875,-0.34067,2020-01-14 19:05:00
"1257",-419,"RLA496845S",0.907,10.7195,-0.341485,2020-01-14 19:05:00
"1258",-423,"RLA496845S",0.907,10.7273125,-0.344745,2020-01-14 19:05:00
"1259",-423,"RLA496845S",0.907,10.735125,-0.344745,2020-01-14 19:05:00
"1260",-423,"RLA496845S",0.907,10.7429375,-0.344745,2020-01-14 19:05:00
"1261",-422,"RLA496845S",0.907,10.75075,-0.34393,2020-01-14 19:05:00
"1262",-422,"RLA496845S",0.907,10.7585625,-0.34393,2020-01-14 19:05:00
"1263",-423,"RLA496845S",0.907,10.766375,-0.344745,2020-01-14 19:05:00
"1264",-422,"RLA496845S",0.907,10.7741875,-0.34393,2020-01-14 19:05:00
"1265",-422,"RLA496845S",0.907,10.782,-0.34393,2020-01-14 19:05:00
"1266",-423,"RLA496845S",0.907,10.7898125,-0.344745,2020-01-14 19:05:00
"1267",-424,"RLA496845S",0.907,10.797625,-0.34556,2020-01-14 19:05:00
"1268",-423,"RLA496845S",0.907,10.8054375,-0.344745,2020-01-14 19:05:00
"1269",-422,"RLA496845S",0.907,10.81325,-0.34393,2020-01-14 19:05:00
"1270",-423,"RLA496845S",0.907,10.8210625,-0.344745,2020-01-14 19:05:00
"1271",-426,"RLA496845S",0.907,10.828875,-0.34719,2020-01-14 19:05:00
"1272",-426,"RLA496845S",0.907,10.8366875,-0.34719,2020-01-14 19:05:00
"1273",-425,"RLA496845S",0.907,10.8445,-0.346375,2020-01-14 19:05:00
"1274",-424,"RLA496845S",0.907,10.8523125,-0.34556,2020-01-14 19:05:00
"1275",-424,"RLA496845S",0.907,10.860125,-0.34556,2020-01-14 19:05:00
"1276",-425,"RLA496845S",0.907,10.8679375,-0.346375,2020-01-14 19:05:00
"1277",-427,"RLA496845S",0.907,10.87575,-0.348005,2020-01-14 19:05:00
"1278",-425,"RLA496845S",0.907,10.8835625,-0.346375,2020-01-14 19:05:00
"1279",-423,"RLA496845S",0.907,10.891375,-0.344745,2020-01-14 19:05:00
"1280",-425,"RLA496845S",0.907,10.8991875,-0.346375,2020-01-14 19:05:00
"1281",-424,"RLA496845S",0.907,10.907,-0.34556,2020-01-14 19:05:00
"1282",-423,"RLA496845S",0.907,10.9148125,-0.344745,2020-01-14 19:05:00
"1283",-426,"RLA496845S",0.907,10.922625,-0.34719,2020-01-14 19:05:00
"1284",-426,"RLA496845S",0.907,10.9304375,-0.34719,2020-01-14 19:05:00
"1285",-422,"RLA496845S",0.907,10.93825,-0.34393,2020-01-14 19:05:00
"1286",-425,"RLA496845S",0.907,10.9460625,-0.346375,2020-01-14 19:05:00
"1287",-434,"RLA496845S",0.907,10.953875,-0.35371,2020-01-14 19:05:00
"1288",-437,"RLA496845S",0.907,10.9616875,-0.356155,2020-01-14 19:05:00
"1289",-436,"RLA496845S",0.907,10.9695,-0.35534,2020-01-14 19:05:00
"1290",-437,"RLA496845S",0.907,10.9773125,-0.356155,2020-01-14 19:05:00
"1291",-444,"RLA496845S",0.907,10.985125,-0.36186,2020-01-14 19:05:00
"1292",-450,"RLA496845S",0.907,10.9929375,-0.36675,2020-01-14 19:05:00
"1293",-454,"RLA496845S",0.907,11.00075,-0.37001,2020-01-14 19:05:00
"1294",-440,"RLA496845S",0.907,11.0085625,-0.3586,2020-01-14 19:05:00
"1295",-421,"RLA496845S",0.907,11.016375,-0.343115,2020-01-14 19:05:00
"1296",-417,"RLA496845S",0.907,11.0241875,-0.339855,2020-01-14 19:05:00
"1297",-419,"RLA496845S",0.907,11.032,-0.341485,2020-01-14 19:05:00
"1298",-417,"RLA496845S",0.907,11.0398125,-0.339855,2020-01-14 19:05:00
"1299",-414,"RLA496845S",0.907,11.047625,-0.33741,2020-01-14 19:05:00
"1300",-410,"RLA496845S",0.907,11.0554375,-0.33415,2020-01-14 19:05:00
"1301",-408,"RLA496845S",0.907,11.06325,-0.33252,2020-01-14 19:05:00
"1302",-412,"RLA496845S",0.907,11.0710625,-0.33578,2020-01-14 19:05:00
"1303",-415,"RLA496845S",0.907,11.078875,-0.338225,2020-01-14 19:05:00
"1304",-406,"RLA496845S",0.907,11.0866875,-0.33089,2020-01-14 19:05:00
"1305",-416,"RLA496845S",0.907,11.0945,-0.33904,2020-01-14 19:05:00
"1306",-420,"RLA496845S",0.907,11.1023125,-0.3423,2020-01-14 19:05:00
"1307",-868,"RLA496845S",0.907,11.110125,-0.70742,2020-01-14 19:05:00
